rxcui,generic_name,has_label,product_type,indications_and_usage,matched_disorders
91235,Digitalis preparation,False,,,
82819,acamprosate,True,HUMAN PRESCRIPTION DRUG,"1 INDICATIONS AND USAGE Acamprosate calcium delayed-release tablets are indicated for the maintenance of abstinence from alcohol in patients with alcohol dependence who are abstinent at treatment initiation ( 1 , 14 ). Treatment with acamprosate calcium delayed-release tablets should be part of a comprehensive management program that includes psychosocial support ( 1 ). Acamprosate calcium delayed-release tablets are indicated for the maintenance of abstinence from alcohol in patients with alcohol dependence who are abstinent at treatment initiation. Treatment with acamprosate calcium delayed-release tablets should be part of a comprehensive management program that includes psychosocial support. The efficacy of acamprosate calcium delayed-release tablets in promoting abstinence has not been demonstrated in subjects who have not undergone detoxification and not achieved alcohol abstinence prior to beginning acamprosate calcium delayed-release tablets treatment. The efficacy of acamprosate calcium delayed-release tablets in promoting abstinence from alcohol in polysubstance abusers has not been adequately assessed.",
161203,aceprometazine,False,,,
162,acetanilide,False,,,
16735,acetophenazine,False,,,
272,activated charcoal,True,HUMAN OTC DRUG,​USES: ​Temporarly relieves simple nervous tension.**,
2557217,aducanumab,False,,,
70223,aldesleukin,True,HUMAN OTC DRUG,Take 15 minutes before meals,
237099,alpha tocopherol,True,HUMAN PRESCRIPTION DRUG,INDICATIONS: PNV-DHA is a multivitamin/multimineral fatty acid dietary supplement indicated for use in improving the nutritional status of women throughout pregnancy and in the postnatal period for both lactating and nonlactating mothers.,
596,alprazolam,True,HUMAN PRESCRIPTION DRUG,"1 INDICATIONS AND USAGE Alprazolam tablets are indicated for the: acute treatment of generalized anxiety disorder (GAD) in adults. treatment of panic disorder (PD), with or without agoraphobia in adults. Alprazolam is a benzodiazepine indicated for the: Acute treatment of generalized anxiety disorder in adults. ( 1 ) Treatment of panic disorder with or without agoraphobia in adults. ( 1 )",Generalized Anxiety Disorder; Panic Disorder
598,alprostadil,True,HUMAN PRESCRIPTION DRUG,"INDICATIONS AND USAGE Alprostadil injection, USP is indicated for palliative, not definitive, therapy to temporarily maintain the patency of the ductus arteriosus until corrective or palliative surgery can be performed in neonates who have congenital heart defects and who depend upon the patent ductus for survival. Such congenital heart defects include pulmonary atresia, pulmonary stenosis, tricuspid atresia, tetralogy of Fallot, interruption of the aortic arch, coarctation of the aorta, or transposition of the great vessels with or without other defects. In infants with restricted pulmonary blood flow, the increase in blood oxygenation is inversely proportional to pretreatment pO 2 values; that is, patients with low pO 2 values respond best, and patients with pO 2 values of 40 torr or more usually have little response. Alprostadil injection, USP should be administered only by trained personnel in facilities that provide pediatric intensive care.",
703,amiodarone,True,HUMAN PRESCRIPTION DRUG,"1 INDICATIONS AND USAGE Pacerone is indicated for the treatment of documented, life-threatening recurrent ventricular fibrillation and life-threatening recurrent hemodynamically unstable tachycardia in adults who have not responded to adequate doses of other available antiarrhythmics or when alternative agents cannot be tolerated. Pacerone is an antiarrhythmic indicated for: Recurrent ventricular fibrillation. ( 1 ) Recurrent hemodynamically unstable ventricular tachycardia. ( 1 )",
704,amitriptyline,True,HUMAN PRESCRIPTION DRUG,INDICATIONS AND USAGE For the relief of symptoms of depression. Endogenous depression is more likely to be alleviated than are other depressive states.,
719,amobarbital,False,,,
722,amoxapine,True,HUMAN PRESCRIPTION DRUG,INDICATIONS AND USAGE Amoxapine is indicated for the relief of symptoms of depression in patients with neurotic or reactive depressive disorders as well as endogenous and psychotic depressions. It is indicated for depression accompanied by anxiety or agitation.,
725,amphetamine,True,HUMAN PRESCRIPTION DRUG,"INDICATIONS AND USAGE Amphetamine sulfate tablets are indicated for: Narcolepsy Attention Deficit Disorder with Hyperactivity as an integral part of a total treatment program which typically includes other remedial measures (psychological, educational, social) for a stabilizing effect in children with behavioral syndrome characterized by the following group of developmentally inappropriate symptoms: moderate to severe distractibility, short attention span, hyperactivity, emotional lability, and impulsivity. The diagnosis of the syndrome should not be made with finality when these symptoms are only of comparatively recent origin. Nonlocalizing (soft) neurological signs, learning disability, and abnormal EEG may or may not be present, and a diagnosis of central nervous system dysfunction may or not be warranted. Exogenous Obesity as a short-term (a few weeks) adjunct in a regimen of weight reduction based on caloric restriction for patients refractory to alternative therapy, e.g., repeated diets, group programs, and other drugs. The limited usefulness of amphetamines ( see CLINICAL PHARMACOLOGY ) should be weighed against possible risks inherent in use of the drug, such as those described below.",ADHD
17941,anisindione,False,,,
17381,aprobarbital,False,,,
89013,aripiprazole,True,HUMAN PRESCRIPTION DRUG,1 INDICATIONS AND USAGE Aripiprazole is indicated for the treatment of: • Schizophrenia • Irritability Associated with Autistic Disorder • Treatment of Tourette’s Disorder Aripiprazole is an atypical antipsychotic. The oral formulations are indicated for: • Schizophrenia (14.1) • Irritability Associated with Autistic Disorder (14.4) • Treatment of Tourette’s disorder (14.5),Schizophrenia; Tourette's Disorder
1673265,aripiprazole lauroxil,True,HUMAN PRESCRIPTION DRUG,1 INDICATIONS AND USAGE ARISTADA is indicated for the treatment of schizophrenia in adults [see Clinical Studies ( 14 )]. ARISTADA is an atypical antipsychotic indicated for the treatment of schizophrenia in adults ( 1 ).,Schizophrenia
641465,armodafinil,True,HUMAN PRESCRIPTION DRUG,"1 INDICATIONS AND USAGE Armodafinil tablets are indicated to improve wakefulness in adult patients with excessive sleepiness associated with obstructive sleep apnea (OSA), narcolepsy, or shift work disorder (SWD). Limitations of Use In OSA, armodafinil tablets are indicated to treat excessive sleepiness and not as treatment for the underlying obstruction. If continuous positive airway pressure (CPAP) is the treatment of choice for a patient, a maximal effort to treat with CPAP for an adequate period of time should be made prior to initiating armodafinil tablets for excessive sleepiness. Armodafinil tablets are indicated to improve wakefulness in adult patients with excessive sleepiness associated with obstructive sleep apnea (OSA), narcolepsy, or shift work disorder (SWD). ( 1 ) Limitations of Use In OSA, armodafinil tablets are indicated to treat excessive sleepiness and not as treatment for the underlying obstruction.",
784649,asenapine,True,HUMAN PRESCRIPTION DRUG,"1 INDICATIONS AND USAGE Asenapine is indicated for: • Bipolar I disorder [see Clinical Studies (14.2)] • Acute monotherapy of manic or mixed episodes, in pediatric patients 10 to 17 years of age • Adjunctive treatment to lithium or valproate in adults Asenapine is an atypical antipsychotic indicated for ( 1 ): Bipolar I disorder o Acute monotherapy treatment of manic or mixed episodes, in pediatric patients 10 to 17 years of age o Adjunctive treatment to lithium or valproate in adults",Bipolar Disorder
38400,atomoxetine,True,HUMAN PRESCRIPTION DRUG,"1 INDICATIONS AND USAGE Atomoxetine capsule is a selective norepinephrine reuptake inhibitor indicated for the treatment of Attention-Deficit/Hyperactivity Disorder (ADHD). ( 1.1 ) 1.1 Attention-Deficit/Hyperactivity Disorder (ADHD) Atomoxetine capsule is indicated for the treatment of Attention-Deficit/Hyperactivity Disorder (ADHD). The efficacy of atomoxetine capsules was established in seven clinical trials in outpatients with ADHD: four 6 to 9-week trials in pediatric patients (ages 6 to 18), two 10-week trial in adults, and one maintenance trial in pediatrics (ages 6 to 15) [see Clinical Studies ( 14 )]. 1.2 Diagnostic Considerations A diagnosis of ADHD (DSM-IV) implies the presence of hyperactive-impulsive or inattentive symptoms that cause impairment and that were present before age 7 years. The symptoms must be persistent, must be more severe than is typically observed in individuals at a comparable level of development, must cause clinically significant impairment, e.g., in social, academic, or occupational functioning, and must be present in 2 or more settings, e.g., school (or work) and at home. The symptoms must not be better accounted for by another mental disorder. The specific etiology of ADHD is unknown, and there is no single diagnostic test. Adequate diagnosis requires the use not only of medical but also of special psychological, educational, and social resources. Learning may or may not be impaired. The diagnosis must be based upon a complete history and evaluation of the patient and not solely on the presence of the required number of DSM-IV characteristics. For the Inattentive Type, at least 6 of the following symptoms must have persisted for at least 6 months: lack of attention to details/careless mistakes, lack of sustained attention, poor listener, failure to follow through on tasks, poor organization, avoids tasks requiring sustained mental effort, loses things, easily distracted, forgetful. For the Hyperactive-Impulsive Type, at least 6 of the following symptoms must have persisted for at least 6 months: fidgeting/squirming, leaving seat, inappropriate running/climbing, difficulty with quiet activities, “on the go,” excessive talking, blurting answers, can’t wait turn, intrusive. For a Combined Type diagnosis, both inattentive and hyperactive-impulsive criteria must be met. 1.3 Need for Comprehensive Treatment Program Atomoxetine capsule is indicated as an integral part of a total treatment program for ADHD that may include other measures (psychological, educational, social) for patients with this syndrome. Drug treatment may not be indicated for all patients with this syndrome. Drug treatment is not intended for use in the patient who exhibits symptoms secondary to environmental factors and/or other primary psychiatric disorders, including psychosis. Appropriate educational placement is essential in children and adolescents with this diagnosis and psychosocial intervention is often helpful. When remedial measures alone are insufficient, the decision to prescribe drug treatment medication will depend upon the physician’s assessment of the chronicity and severity of the patient’s symptoms.",
1291301,avanafil,True,HUMAN PRESCRIPTION DRUG,1 INDICATIONS AND USAGE Avanafil tablets are a phosphodiesterase 5 (PDE5) inhibitor indicated for the treatment of erectile dysfunction in adult males. Avanafil tablet is a phosphodiesterase 5 (PDE5) inhibitor indicated for the treatment of erectile dysfunction ( 1 ),
1292,baclofen,True,HUMAN PRESCRIPTION DRUG,"INDICATIONS AND USAGE Baclofen tablets, USP are useful for the alleviation of signs and symptoms of spasticity resulting from multiple sclerosis, particularly for the relief of flexor spasms and concomitant pain, clonus, and muscular rigidity. Patients should have reversible spasticity so that baclofen treatment will aid in restoring residual function. Baclofen tablets, USP may also be of some value in patients with spinal cord injuries and other spinal cord diseases. Baclofen tablets, USP are not indicated in the treatment of skeletal muscle spasm resulting from rheumatic disorders. The efficacy of baclofen in stroke, cerebral palsy, and Parkinson's disease has not been established and, therefore, it is not recommended for these conditions.",Tourette's Disorder
1359,belladonna alkaloids,False,,,
89781,"belladonna extract, USP",False,,,
314517,belladonna leaf extract,False,,,
1373,benperidol,False,,,
2690627,benzgalantamine,True,HUMAN PRESCRIPTION DRUG,1 INDICATIONS AND USAGE ZUNVEYL is indicated for the treatment of mild to moderate dementia of the Alzheimer's type in adults. ZUNVEYL is a cholinesterase inhibitor indicated for the treatment of mild to moderate dementia of the Alzheimer's type in adults ( 1 ),
1422,benzphetamine,True,HUMAN PRESCRIPTION DRUG,"INDICATIONS AND USAGE Benzphetamine hydrochloride tablets are indicated in the management of exogenous obesity as a short term (a few weeks) adjunct in a regimen of weight reduction based on caloric restriction in patients with an initial body mass index (BMI) of 30 kg/m2 or higher who have not responded to appropriate weight reducing regimen (diet and/or exercise) alone. Below is a chart of Body Mass Index (BMI) based on various heights and weights. BMI is calculated by taking the patient's weight, in kilograms (kg), divided by the patient's height, in meters (m), squared. Metric conversions are as follows: pounds ÷2.2 = kg; inches × 0.0254 = meters. The limited usefulness of agents of this class (See CLINICAL PHARMACOLOGY ) should be weighed against possible risks inherent in their use such as those described below. Benzphetamine hydrochloride tablets are indicated for use as monotherapy only. BMI Table",
2176312,bremelanotide,True,HUMAN PRESCRIPTION DRUG,"1 INDICATIONS AND USAGE VYLEESI is indicated for the treatment of premenopausal women with acquired, generalized hypoactive sexual desire disorder (HSDD), as characterized by low sexual desire that causes marked distress or interpersonal difficulty and is NOT due to: A co-existing medical or psychiatric condition, Problems with the relationship, or The effects of a medication or drug substance. Acquired HSDD refers to HSDD that develops in a patient who previously had no problems with sexual desire. Generalized HSDD refers to HSDD that occurs regardless of the type of stimulation, situation or partner. Limitations of Use VYLEESI is not indicated for the treatment of HSDD in postmenopausal women or in men. VYLEESI is not indicated to enhance sexual performance. VYLEESI is a melanocortin receptor agonist indicated for the treatment of premenopausal women with acquired, generalized hypoactive sexual desire disorder (HSDD) as characterized by low sexual desire that causes marked distress or interpersonal difficulty and is NOT due to: A co-existing medical or psychiatric condition, Problems with the relationship, or The effects of a medication or drug substance ( 1 ). Limitations of Use ( 1 ): Not indicated for treatment of HSDD in postmenopausal women or in men. Not indicated to enhance sexual performance.",
2121777,brexanolone,False,,,
1658314,brexpiprazole,True,HUMAN PRESCRIPTION DRUG,"1 INDICATIONS AND USAGE REXULTI is indicated for: Adjunctive treatment to antidepressants for major depressive disorder (MDD) in adults Treatment of schizophrenia in adults and pediatric patients ages 13 years and older Treatment of agitation associated with dementia due to Alzheimer's disease Limitations of Use: REXULTI is not indicated as an as needed (""prn"") treatment for agitation associated with dementia due to Alzheimer's disease [see Clinical Studies (14.3) ] . REXULTI is an atypical antipsychotic indicated for: Use as an adjunctive therapy to antidepressants for the treatment of major depressive disorder (MDD) in adults ( 1 , 14.1 ) Treatment of schizophrenia in adults and pediatric patients ages 13 years and older ( 1 , 14.2 ) Treatment of agitation associated with dementia due to Alzheimer's disease ( 1 , 14.3 ) Limitations of Use : REXULTI is not indicated as an as needed (""prn"") treatment for agitation associated with dementia due to Alzheimer's disease ( 1 )",Major Depressive Disorder; Schizophrenia
1749,bromazepam,False,,,
19759,bromodiphenhydramine,False,,,
19777,bromperidol,False,,,
1819,buprenorphine,True,HUMAN PRESCRIPTION DRUG,"1 INDICATIONS AND USAGE Buprenorphine sublingual tablet is indicated for the treatment of opioid dependence and is preferred for induction. Buprenorphine sublingual tablet should be used as part of a complete treatment plan to include counseling and psychosocial support. Buprenorphine sublingual tablet, contains buprenorphine, a partial opioid agonist, and is indicated for the treatment of opioid dependence and is preferred for induction. (1) Buprenorphine sublingual tablet should be used as part of a complete treatment plan that includes counseling and psychosocial support. (1)",
42347,bupropion,True,HUMAN PRESCRIPTION DRUG,"1 INDICATIONS AND USAGE Bupropion hydrochloride extended-release tablets (XL) are an aminoketone antidepressant, indicated for: treatment of major depressive disorder (MDD) (1.1) prevention of seasonal affective disorder (SAD) ( 1.2) 1.1 Major Depressive Disorder (MDD) Bupropion hydrochloride extended-release tablets (XL) are indicated for the treatment of major depressive disorder (MDD), as defined by the Diagnostic and Statistical Manual (DSM). The efficacy of the immediate-release formulation of bupropion was established in two 4-week controlled inpatient trials and one 6-week controlled outpatient trial of adult patients with MDD. The efficacy of the sustained-release formulation of bupropion in the maintenance treatment of MDD was established in a long-term (up to 44 weeks), placebo-controlled trial in patients who had responded to bupropion in an 8-week study of acute treatment [see Clinical Studies (14.1) ]. 1.2 Seasonal Affective Disorder (SAD) Bupropion hydrochloride extended-release tablets (XL) are indicated for the prevention of seasonal major depressive episodes in patients with a diagnosis of seasonal affective disorder (SAD). The efficacy of bupropion hydrochloride extended-release tablets in the prevention of seasonal major depressive episodes was established in 3 placebo-controlled trials in adult outpatients with a history of MDD with an autumn-winter seasonal pattern as defined in the DSM [see Clinical Studies (14.2) ].",Major Depressive Disorder
1827,buspirone,True,HUMAN PRESCRIPTION DRUG,"INDICATIONS AND USAGE Buspirone hydrochloride tablets are indicated for the management of anxiety disorders or the short-term relief of the symptoms of anxiety. Anxiety or tension associated with the stress of everyday life usually does not require treatment with an anxiolytic. The efficacy of buspirone hydrochloride tablets has been demonstrated in controlled clinical trials of outpatients whose diagnosis roughly corresponds to Generalized Anxiety Disorder (GAD). Many of the patients enrolled in these studies also had coexisting depressive symptoms and buspirone hydrochloride tablets relieved anxiety in the presence of these coexisting depressive symptoms. The patients evaluated in these studies had experienced symptoms for periods of 1 month to over 1 year prior to the study, with an average symptom duration of 6 months. Generalized Anxiety Disorder (300.02) is described in the American Psychiatric Association’s Diagnostic and Statistical Manual, III 1 as follows: Generalized, persistent anxiety (of at least 1 month continual duration), manifested by symptoms from three of the four following categories: 1. Motor tension: shakiness, jitteriness, jumpiness, trembling, tension, muscle aches, fatigability, inability to relax, eyelid twitch, furrowed brow, strained face, fidgeting, restlessness, easy startle. 2. Autonomic hyperactivity: sweating, heart pounding or racing, cold, clammy hands, dry mouth, dizziness, lightheadedness, paresthesias (tingling in hands or feet), upset stomach, hot or cold spells, frequent urination, diarrhea, discomfort in the pit of the stomach, lump in the throat, flushing, pallor, high resting pulse and respiration rate. 3. Apprehensive expectation: anxiety, worry, fear, rumination, and anticipation of misfortune to self or others. 4. Vigilance and scanning: hyperattentiveness resulting in distractibility, difficulty in concentrating, insomnia, feeling “on edge,” irritability, impatience. The above symptoms would not be due to another mental disorder, such as a depressive disorder or schizophrenia. However, mild depressive symptoms are common in GAD. The effectiveness of buspirone hydrochloride tablets in long-term use, that is, for more than 3 to 4 weeks, has not been demonstrated in controlled trials. There is no body of evidence available that systematically addresses the appropriate duration of treatment for GAD. However, in a study of long-term use, 264 patients were treated with buspirone hydrochloride tablets for 1 year without ill effect. Therefore, the physician who elects to use buspirone hydrochloride tablets for extended periods should periodically reassess the usefulness of the drug for the individual patient.",Generalized Anxiety Disorder; Schizophrenia; Insomnia
477631,butabarbital,False,,,
19874,butobarbital,False,,,
1841,butorphanol,True,HUMAN PRESCRIPTION DRUG,"INDICATIONS AND USAGE Butorphanol tartrate nasal spray is indicated for the management of pain severe enough to require an opioid analgesic and for which alternative treatments are inadequate. Limitations of Use : Because of the risks of addiction, abuse, and misuse, with opioids, which can occur at any dosage or duration [see WARNINGS ] reserve butorphanol tartrate nasal spray for use in patients for whom alternative treatment options (e.g., non-opioid analgesics): Have not been tolerated, or are not expected to be tolerated, Have not provided adequate analgesia, or are not expected to provide adequate analgesia Butorphanol tartrate nasal spray should not be used for an extended period of time unless the pain remains severe enough to require an opioid analgesic and for which alternative treatment options continue to be inadequate.",
2002,carbamazepine,True,HUMAN PRESCRIPTION DRUG,"INDICATIONS AND USAGE Epilepsy Carbamazepine is indicated for use as an anticonvulsant drug. Evidence supporting efficacy of carbamazepine as an anticonvulsant was derived from active drug-controlled studies that enrolled patients with the following seizure types: 1. Partial seizures with complex symptomatology (psychomotor, temporal lobe). Patients with these seizures appear to show greater improvement than those with other types. 2. Generalized tonic-clonic seizures (grand mal). 3. Mixed seizure patterns which include the above, or other partial or generalized seizures. Absence seizures (petit mal) do not appear to be controlled by carbamazepine (see PRECAUTIONS , General). Trigeminal Neuralgia Carbamazepine is indicated in the treatment of the pain associated with true trigeminal neuralgia. Beneficial results have also been reported in glossopharyngeal neuralgia. This drug is not a simple analgesic and should not be used for the relief of trivial aches or pains.",
1667655,cariprazine,True,HUMAN PRESCRIPTION DRUG,1 . INDICATIONS AND USAGE VRAYLAR ® is indicated for: • Treatment of schizophrenia in adult and pediatric patients 13 years of age and older [see Clinical Studies ( 14.1 )] • Acute treatment of manic or mixed episodes associated with bipolar I disorder in adult and pediatric patients 10 years of age and older [see Clinical Studies ( 14.2 )] • Treatment of depressive episodes associated with bipolar I disorder (bipolar depression) in adult patients [see Clinical Studies ( 14.3 )] • Adjunctive therapy to antidepressants for the treatment of major depressive disorder (MDD) in adult patients [see Clinical Studies ( 14.4 )] VRAYLAR is an atypical antipsychotic indicated for: Treatment of schizophrenia in adults and pediatric patients 13 years of age and older ( 1 ) Acute treatment of manic or mixed episodes associated with bipolar I disorder in adults and pediatric patients 10 years of age and older ( 1 ) Treatment of depressive episodes associated with bipolar I disorder (bipolar depression) in adults ( 1 ) Adjunctive therapy to antidepressants for the treatment of major depressive disorder (MDD) in adults ( 1 ),Major Depressive Disorder; Bipolar Disorder; Schizophrenia
2296,charcoal,True,HUMAN OTC DRUG,​USES: ​Temporarly relieves simple nervous tension.**,
2356,chlordiazepoxide,True,HUMAN PRESCRIPTION DRUG,"INDICATIONS AND USAGE: Chlordiazepoxide hydrochloride and clidinium bromide capsules is indicated to control emotional and somatic factors in gastrointestinal disorders. Chlordiazepoxide hydrochloride and clidinium bromide capsules may also be used as adjunctive therapy in the treatment of peptic ulcer and in the treatment of the irritable bowel syndrome (irritable colon, spastic colon, mucous colitis) and acute enterocolitis.",
2372,chlormethiazole,False,,,
2373,chlormezanone,False,,,
2403,chlorpromazine,True,HUMAN PRESCRIPTION DRUG,"INDICATIONS AND USAGE For the management of manifestations of psychotic disorders. For the treatment of schizophrenia. To control nausea and vomiting. For relief of restlessness and apprehension before surgery. For acute intermittent porphyria. As an adjunct in the treatment of tetanus. To control the manifestations of the manic type of manic-depressive illness. For relief of intractable hiccups. For the treatment of severe behavioral problems in children (1 to 12 years of age) marked by combativeness and/or explosive hyperexcitable behavior (out of proportion to immediate provocations), and in the short-term treatment of hyperactive children who show excessive motor activity with accompanying conduct disorders consisting of some or all of the following symptoms: impulsivity, difficulty sustaining attention, aggressivity, mood lability and poor frustration tolerance.",Schizophrenia; Tourette's Disorder
2406,chlorprothixene,False,,,
2556,citalopram,True,HUMAN PRESCRIPTION DRUG,1 INDICATIONS AND USAGE Citalopram tablets are indicated for the treatment of major depressive disorder (MDD) in adults [see Clinical Studies (14) ] . Citalopram tablets are a selective serotonin reuptake inhibitor (SSRI) indicated for the treatment of major depressive disorder (MDD) in adults ( 1 ) .,Major Depressive Disorder
2597,clomipramine,True,HUMAN PRESCRIPTION DRUG,"INDICATIONS AND USAGE Clomipramine hydrochloride capsules, USP is indicated for the treatment of obsessions and compulsions in patients with Obsessive-Compulsive Disorder (OCD). The obsessions or compulsions must cause marked distress, be time-consuming, or significantly interfere with social or occupational functioning, in order to meet the DSM-III-R (circa 1989) diagnosis of OCD. Obsessions are recurrent, persistent ideas, thoughts, images, or impulses that are ego­-dystonic. Compulsions are repetitive, purposeful, and intentional behaviors performed in response to an obsession or in a stereotyped fashion, and are recognized by the person as excessive or unreasonable. The effectiveness of clomipramine hydrochloride capsules, USP for the treatment of OCD was demonstrated in multicenter, placebo-controlled, parallel-group studies, including two 10-week studies in adults and one 8-week study in children and adolescents 10 to 17 years of age. Patients in all studies had moderate-to-severe OCD (DSM-III), with mean baseline ratings on the Yale-Brown Obsessive Compulsive Scale (YBOCS) ranging from 26 to 28 and a mean baseline rating of 10 on the NIMH Clinical Global Obsessive Compulsive Scale (NIMH-OC). Patients taking CMI experienced a mean reduction of approximately 10 on the YBOCS, representing an average improvement on this scale of 35% to 42% among adults and 37% among children and adolescents. CMI-treated patients experienced a 3.5 unit decrement on the NIMH-OC. Patients on placebo showed no important clinical response on either scale. The maximum dose was 250 mg/day for most adults and 3 mg/kg/day (up to 200 mg) for all children and adolescents. The effectiveness of clomipramine hydrochloride capsules, USP for long-term use (i.e., for more than 10 weeks) has not been systematically evaluated in placebo-controlled trials. The physician who elects to use clomipramine hydrochloride capsules, USP for extended periods should periodically reevaluate the long-term usefulness of the drug for the individual patient ( see DOSAGE AND ADMINISTRATION ).",OCD
2598,clonazepam,True,HUMAN PRESCRIPTION DRUG,"INDICATIONS AND USAGE Seizure Disorders: Clonazepam tablets are useful alone or as an adjunct in the treatment of the Lennox-Gastaut syndrome (petit mal variant), akinetic, and myoclonic seizures. In patients with absence seizures (petit mal) who have failed to respond to succinimides, clonazepam tablets may be useful. Some loss of effect may occur during the course of clonazepam treatment (see PRECAUTIONS : Loss of Effect ). Panic Disorder: Clonazepam tablets are indicated for the treatment of panic disorder, with or without agoraphobia, as defined in DSM-V. Panic disorder is characterized by the occurrence of unexpected panic attacks and associated concern about having additional attacks, worry about the implications or consequences of the attacks, and/or a significant change in behavior related to the attacks. The efficacy of clonazepam tablets was established in two 6- to 9-week trials in panic disorder patients whose diagnoses corresponded to the DSM-IIIR category of panic disorder (see CLINICAL PHARMACOLOGY: Clinical Trials) . Panic disorder (DSM-V) is characterized by recurrent unexpected panic attacks, i.e., a discrete period of intense fear or discomfort in which four (or more) of the following symptoms develop abruptly and reach a peak within 10 minutes: (1) palpitations, pounding heart or accelerated heart rate; (2) sweating; (3) trembling or shaking; (4) sensations of shortness of breath or smothering; (5) feeling of choking; (6) chest pain or discomfort; (7) nausea or abdominal distress; (8) feeling dizzy, unsteady, lightheaded or faint; (9) derealization (feelings of unreality) or depersonalization (being detached from oneself); (10) fear of losing control; (11) fear of dying; (12) paresthesias (numbness or tingling sensations); (13) chills or hot flushes. The effectiveness of clonazepam tablets in long-term use, that is, for more than 9 weeks, has not been systematically studied in controlled clinical trials. The physician who elects to use clonazepam tablets for extended periods should periodically reevaluate the long-term usefulness of the drug for the individual patient (see DOSAGE AND ADMINISTRATION ).",Panic Disorder
2599,clonidine,True,HUMAN PRESCRIPTION DRUG,INDICATIONS AND USAGE Clonidine hydrochloride tablets are indicated in the treatment of hypertension. Clonidine hydrochloride tablets may be employed alone or concomitantly with other antihypertensive agents.,
2603,clopamide,False,,,
2353,clorazepate,True,HUMAN PRESCRIPTION DRUG,"INDICATIONS AND USAGE Clorazepate dipotassium is indicated for the management of anxiety disorders or for the short-term relief of the symptoms of anxiety. Anxiety or tension associated with the stress of everyday life usually does not require treatment with an anxiolytic. Clorazepate dipotassium tablets are indicated as adjunctive therapy in the management of partial seizures. The effectiveness of clorazepate dipotassium tablets in long-term management of anxiety, that is, more than 4 months, has not been assessed by systematic clinical studies. Long-term studies in epileptic patients, however, have shown continued therapeutic activity. The physician should reassess periodically the usefulness of the drug for the individual patient. Clorazepate dipotassium tablets are indicated for the symptomatic relief of acute alcohol withdrawal.",
2622,clotiazepam,False,,,
2626,clozapine,True,HUMAN PRESCRIPTION DRUG,"1 INDICATIONS AND USAGE Clozapine orally disintegrating tablets (Clozapine ODT) is an atypical antipsychotic indicated for: Treatment of severely ill patients with schizophrenia who fail to respond adequately to standard antipsychotic treatment. Because of the risks of severe neutropenia and of seizure associated with its use, Clozapine ODT should be used only in patients who have failed to respond adequately to standard antipsychotic treatment ( 1.1 ) Reducing the risk of recurrent suicidal behavior in patients with schizophrenia or schizoaffective disorder who are judged to be at chronic risk for re-experiencing suicidal behavior ( 1.2 ) 1.1 Treatment-resistant Schizophrenia Clozapine Orally Disintegrating Tablets (Clozapine ODT) are indicated for the treatment of severely ill patients with schizophrenia who fail to respond adequately to standard antipsychotic treatment. Because of the risks of severe neutropenia and of seizure associated with their use, Clozapine ODT should be used only in patients who have failed to respond adequately to standard antipsychotic treatment [see Warnings and Precautions (5.1 , 5.4) ]. The effectiveness of Clozapine ODT in treatment-resistant schizophrenia was demonstrated in a 6-week, randomized, double-blind, active-controlled study comparing Clozapine ODT and chlorpromazine in patients who had failed other antipsychotics [see Clinical Studies (14.1) ]. 1.2 Reduction in the Risk of Recurrent Suicidal Behavior in Schizophrenia or Schizoaffective Disorder Clozapine ODT is indicated for reducing the risk of recurrent suicidal behavior in patients with schizophrenia or schizoaffective disorder who are judged to be at chronic risk for re-experiencing suicidal behavior, based on history and recent clinical state. Suicidal behavior refers to actions by a patient that put him/herself at risk for death. The effectiveness of Clozapine ODT in reducing the risk of recurrent suicidal behavior was demonstrated over a two-year treatment period in the InterSePT™ trial [see Clinical Studies (14.2) ] .",Schizophrenia
2732215,copper histidinate,True,HUMAN PRESCRIPTION DRUG,1 INDICATIONS AND USAGE ZYCUBO is indicated for the treatment of Menkes disease in pediatric patients. ZYCUBO is a copper replacement product indicated for the treatment of Menkes disease in pediatric patients. ( 1 ) Limitations of Use ZYCUBO is not indicated for the treatment of Occipital Horn Syndrome. ( 1 ) Limitations of Use ZYCUBO is not indicated for the treatment of Occipital Horn Syndrome.,
3007,cycloserine,True,HUMAN PRESCRIPTION DRUG,"INDICATIONS AND USAGE Cycloserine is indicated in the treatment of active pulmonary and extrapulmonary tuberculosis (including renal disease) when the causative organisms are susceptible to this drug and when treatment with the primary medications (streptomycin, isoniazid, rifampin, and ethambutol) has proved inadequate. Like all antituberculosis drugs, cycloserine should be administered in conjunction with other effective chemotherapy and not as the sole therapeutic agent. Cycloserine may be effective in the treatment of acute urinary tract infections caused by susceptible strains of gram-positive and gram- negative bacteria. Use of cycloserine in these infections should be considered only when more conventional therapy has failed and when the organism has been demonstrated to be susceptible to the drug",
3013,cyproheptadine,True,HUMAN PRESCRIPTION DRUG,"INDICATIONS AND USAGE: Perennial and seasonal allergic rhinitis, Vasomotor rhinitis, Allergic conjunctivitis due to inhalant allergens and foods. Mild, uncomplicated allergic skin manifestations of urticaria and angioedema. Amelioration of allergic reactions to blood or plasma. Cold urticaria. Dermatographism. As therapy for anaphylactic reactions adjunctive to epinephrine and other standard measures after the acute manifestations have been controlled.",
2591497,daridorexant,True,HUMAN PRESCRIPTION DRUG,"1 INDICATIONS AND USAGE QUVIVIQ is indicated for the treatment of adult patients with insomnia, characterized by difficulties with sleep onset and/or sleep maintenance [see Clinical Studies (14.1) ] . QUVIVIQ is an orexin receptor antagonist indicated for the treatment of adult patients with insomnia, characterized by difficulties with sleep onset and/or sleep maintenance. ( 1 )",Insomnia
62174,deserpidine,False,,,
3247,desipramine,True,HUMAN PRESCRIPTION DRUG,INDICATIONS AND USAGE Desipramine hydrochloride tablets is indicated for the treatment of depression.,
3251,desmopressin,True,HUMAN PRESCRIPTION DRUG,"INDICATIONS AND USAGE Central Diabetes Insipidus Desmopressin acetate tablets are indicated as antidiuretic replacement therapy in the management of central diabetes insipidus and for the management of the temporary polyuria and polydipsia following head trauma or surgery in the pituitary region. Desmopressin acetate is ineffective for the treatment of nephrogenic diabetes insipidus. Patients were selected for therapy based on the diagnosis by means of the water deprivation test, the hypertonic saline infusion test, and/or response to antidiuretic hormone. Continued response to desmopressin acetate can be monitored by measuring urine volume and osmolality. Primary Nocturnal Enuresis Desmopressin acetate tablets are indicated for the management of primary nocturnal enuresis. Desmopressin acetate may be used alone or as an adjunct to behavioral conditioning or other non-pharmacologic intervention.",
22656,desogestrel,True,HUMAN PRESCRIPTION DRUG,"INDICATIONS AND USAGE Volnea™ (desogestrel and ethinyl estradiol and ethinyl estradiol) tablets are indicated for the prevention of pregnancy in women who elect to use this product as a method of contraception. Oral contraceptives are highly effective. Table 2 lists the typical accidental pregnancy rates for users of combination oral contraceptives and other methods of contraception. The efficacy of these contraceptive methods, except sterilization, depends upon the reliability with which they are used. Correct and consistent use of these methods can result in lower failure rates. TABLE 2 Percentage of women experiencing an unintended pregnancy during the first year of typical use and the first year of perfect use of contraception and the percentage continuing use at the end of the first year, United States. % of Women Experiencing an Unintended Pregnancy within the First Year of Use % of Women Continuing Use at One Year Among couples attempting to avoid pregnancy, the percentage who continue to use a method for one year. Method (1) Typical Use Among typical couples who initiate use of a method (not necessarily for the first time), the percentage who experience an accidental pregnancy during the first year if they do not stop use for any other reason. (2) Perfect Use Among couples who initiate use of a method (not necessarily for the first time) and who use it perfectly (both consistently and correctly), the percentage who experience an accidental pregnancy during the first year if they do not stop use for any other reason. (3) (4) Chance The percents becoming pregnant in columns (2) and (3) are based on data from populations where contraception is not used and from women who cease using contraception in order to become pregnant. Among such populations, about 89% become pregnant within one year. This estimate was lowered slightly (to 85%) to represent the percent who would become pregnant within one year among women now relying on reversible methods of contraception if they abandoned contraception altogether. 85 85 Spermicides Foams, creams, gels, vaginal suppositories, and vaginal film. 26 6 40 Periodic abstinence 25 63 Calendar 9 Ovulation Method 3 Sympto-Thermal Cervical mucus (ovulation) method supplemented by calendar in the pre-ovulatory and basal body temperature in the post-ovulatory phases. 2 Post-Ovulation 1 Withdrawal 19 4 Cap With spermicidal cream or jelly. Parous Women 40 26 42 Nulliparous Women 20 9 56 Sponge Parous Women 40 20 42 Nulliparous Women 20 9 56 Diaphragm 20 6 56 Condom Without spermicides. Female (Reality) 21 5 56 Male 14 3 61 Pill 5 71 Progestin Only 0.5 Combined 0.1 IUD Progesterone T 2 1.5 81 Copper T 380A 0.8 0.6 78 LNg 20 0.1 0.1 81 Depo-Provera 0.3 0.3 70 Norplant and Norplant-2 0.05 0.05 88 Female sterilization 0.5 0.5 100 Male sterilization 0.15 0.10 100 Adapted from Hatcher et al., 1998, Ref#1.",
734064,desvenlafaxine,True,HUMAN PRESCRIPTION DRUG,1 INDICATIONS AND USAGE PRISTIQ is indicated for the treatment of adults with major depressive disorder (MDD) [see Clinical Studies (14) ] . PRISTIQ is a serotonin and norepinephrine reuptake inhibitor (SNRI) indicated for the treatment of adults with major depressive disorder (MDD) ( 1 ).,Major Depressive Disorder
352372,dexmethylphenidate,True,HUMAN PRESCRIPTION DRUG,"1 INDICATIONS AND USAGE AZSTARYS is indicated for the treatment of Attention Deficit Hyperactivity Disorder (ADHD) in patients 6 years of age and older. Limitations of Use The use of AZSTARYS is not recommended in pediatric patients younger than 6 years of age because they had higher plasma exposure and a higher incidence of adverse reactions (e.g., weight loss) than patients 6 years and older at the same dosage [see Warnings and Precautions ( 5.7 ), Use in Specific Populations ( 8.4 )]. AZSTARYS is a central nervous system (CNS) stimulant indicated for the treatment of Attention Deficit Hyperactivity Disorder (ADHD) in patients 6 years of age and older. ( 1 ) Limitations of Use The use of AZSTARYS is not recommended in pediatric patients younger than 6 years of age because they had higher plasma exposure and a higher incidence of adverse reactions (e.g., weight loss) than patients 6 years and older at the same dosage (5.7, 8.4).",ADHD
3288,dextroamphetamine,True,HUMAN PRESCRIPTION DRUG,"INDICATIONS AND USAGE Dextroamphetamine Saccharate, Amphetamine Aspartate, Dextroamphetamine Sulfate and Amphetamine Sulfate Tablets (Mixed Salts of a Single Amphetamine Product) are indicated for the treatment of Attention Deficit Hyperactivity Disorder (ADHD) and Narcolepsy. Attention Deficit Hyperactivity Disorder (ADHD) A diagnosis of Attention Deficit Hyperactivity Disorder (ADHD; DSM-IV ® ) implies the presence of hyperactive-impulsive or inattentive symptoms that caused impairment and were present before age 7 years. The symptoms must cause clinically significant impairment, e.g., in social, academic, or occupational functioning, and be present in two or more settings, e.g., school (or work) and at home. The symptoms must not be better accounted for by another mental disorder. For the Inattentive Type, at least six of the following symptoms must have persisted for at least 6 months: lack of attention to details/careless mistakes; lack of sustained attention; poor listener; failure to follow through on tasks; poor organization; avoids tasks requiring sustained mental effort; loses things; easily distracted; forgetful. For the Hyperactive-Impulsive Type, at least six of the following symptoms must have persisted for at least 6 months: fidgeting/squirming; leaving seat; inappropriate running/climbing; difficulty with quiet activities; “on the go;” excessive talking; blurting answers; can't wait turn; intrusive. The Combined Type requires both inattentive and hyperactive-impulsive criteria to be met.",ADHD
3322,diazepam,True,HUMAN PRESCRIPTION DRUG,"INDICATIONS AND USAGE Diazepam tablets are indicated for the management of anxiety disorders or for the short-term relief of the symptoms of anxiety. Anxiety or tension associated with the stress of everyday life usually does not require treatment with an anxiolytic. In acute alcohol withdrawal, diazepam tablets may be useful in the symptomatic relief of acute agitation, tremor, impending or acute delirium tremens and hallucinosis. Diazepam tablets are a useful adjunct for the relief of skeletal muscle spasm due to reflex spasm to local pathology (such as inflammation of the muscles or joints, or secondary to trauma), spasticity caused by upper motor neuron disorders (such as cerebral palsy and paraplegia), athetosis, and stiff-man syndrome. Oral diazepam tablets may be used adjunctively in convulsive disorders, although it has not proved useful as the sole therapy. The effectiveness of diazepam tablets in long-term use, that is, more than 4 months, has not been assessed by systematic clinical studies. The physician should periodically reassess the usefulness of the drug for the individual patient.",
3332,dibenzepin,False,,,
1598,dicumarol,False,,,
3389,diethylpropion,True,HUMAN PRESCRIPTION DRUG,"INDICATIONS AND USAGE Diethylpropion hydrochloride extended release tablets, 75 mg are indicated in the management of exogenous obesity as a short-term adjunct (a few weeks) in a regimen of weight reduction based on caloric restriction in patients with an initial body mass index (BMI) of 30 kg/m 2 or higher and who have not responded to appropriate weight reducing regimen (diet and/or exercise) alone. Below is a chart of BMI based on various heights and weights. BMI is calculated by taking the patient’s weight, in kilograms (kg), divided by the patient’s height, in meters (m), squared. Metric conversions are as follows: pounds divided by 2.2 = kg; inches x 0.0254 = meters. Body Mass Index (BMI), kg/m 2 Weight (pounds) Height (feet, inches) 5’0” 5’3” 5’6” 5’9” 6’0” 6’3” 140 27 25 23 21 19 18 150 29 27 24 22 20 19 160 31 28 26 24 22 20 170 33 30 28 25 23 21 180 35 32 29 27 25 23 190 37 34 31 28 26 24 200 39 36 32 30 27 25 210 41 37 34 31 29 26 220 43 39 36 33 30 28 230 45 41 37 34 31 29 240 47 43 39 36 33 30 250 49 44 40 37 34 31 The usefulness of agents of this class (See CLINICAL PHARMACOLOGY ) should be measured against possible risk factors inherent in their use such as those described below. Diethylpropion hydrochloride extended release tablets, 75 mg are indicated for use as monotherapy only.",
3403,digitoxin,False,,,
3407,digoxin,True,HUMAN PRESCRIPTION DRUG,"1 INDICATIONS & USAGE Digoxin is a cardiac glycoside indicated for: Treatment of mild to moderate heart failure in adults. ( 1.1 ) Increasing myocardial contractility in pediatric patients with heart failure. ( 1.2 ) Control of resting ventricular rate in patients with chronic atrial fibrillation in adults. ( 1.3 ) 1.1 Heart Failure in Adults Digoxin is indicated for the treatment of mild to moderate heart failure in adults. Digoxin increases left ventricular ejection fraction and improves heart failure symptoms as evidenced by improved exercise capacity and decreased heart failure-related hospitalizations and emergency care, while having no effect on mortality. Where possible, digoxin should be used in combination with a diuretic and an angiotensin-converting enzyme (ACE) inhibitor. 1.2 Heart Failure in Pediatric Patients Digoxin increases myocardial contractility in pediatric patients with heart failure. 1.3 Atrial Fibrillation in Adults Digoxin is indicated for the control of ventricular response rate in adult patients with chronic atrial fibrillation.",
203223,digoxin antibodies Fab fragments,False,,,
3415,dihydroergocornine,False,,,
3416,dihydroergocristine,False,,,
3417,dihydroergocryptine,False,,,
3498,diphenhydramine,True,HUMAN OTC DRUG,Uses temporarily relieves these symptoms due to hay fever or other respiratory allergies: ■ sneezing ■ itching of the nose or throat ■ runny nose ■ itchy watery eyes ■temporarily relieves these symptoms due to the common cold: ■ sneezing ■ runny nose,
3554,disulfiram,True,HUMAN PRESCRIPTION DRUG,"INDICATIONS AND USAGE Disulfiram is an aid in the management of selected chronic alcohol patients who want to remain in a state of enforced sobriety so that supportive and psychotherapeutic treatment may be applied to best advantage. Disulfiram is not a cure for alcoholism. When used alone, without proper motivation and supportive therapy, it is unlikely that it will have any substantive effect on the drinking pattern of the chronic alcoholic.",
2687966,donanemab,True,HUMAN PRESCRIPTION DRUG,"1 INDICATIONS AND USAGE KISUNLA TM is indicated for the treatment of Alzheimer's disease. Treatment with KISUNLA should be initiated in patients with mild cognitive impairment or mild dementia stage of disease, the population in which treatment was initiated in the clinical trials. KISUNLA is an amyloid beta-directed antibody indicated for the treatment of Alzheimer's disease. Treatment with KISUNLA should be initiated in patients with mild cognitive impairment or mild dementia stage of disease, the population in which treatment was initiated in the clinical trials. ( 1 )",
135447,donepezil,True,HUMAN PRESCRIPTION DRUG,"1 INDICATIONS AND USAGE Donepezil hydrochloride tablet is an acetylcholinesterase inhibitor indicated for the treatment of dementia of the Alzheimer's type. Efficacy has been demonstrated in patients with mild, moderate, and severe Alzheimer's Disease ( 1 ). Donepezil hydrochloride tablet is indicated for the treatment of dementia of the Alzheimer's type. Efficacy has been demonstrated in patients with mild, moderate, and severe Alzheimer's disease.",
3634,dothiepin,False,,,
3637,doxapram,True,HUMAN PRESCRIPTION DRUG,"INDICATIONS & USAGE Postanesthesia When the possibility of airway obstruction and/or hypoxia have been eliminated, doxapram may be used to stimulate respiration in patients with drug-induced postanesthesia respiratory depression or apnea other than that due to muscle relaxant drugs. To pharmacologically stimulate deep breathing in the postoperative patient. (A quantitative method of assessing oxygenation, such as pulse oximetry, is recommended.) Drug-Induced Central Nervous System Depression Exercising care to prevent vomiting and aspiration, doxapram may be used to stimulate respiration, hasten arousal, and to encourage the return of laryngopharyngeal reflexes in patients with mild to moderate respiratory and CNS depression due to drug overdosage. Chronic Pulmonary Disease Associated with Acute Hypercapnia Doxapram is indicated as a temporary measure in hospitalized patients with acute respiratory insufficiency superimposed on chronic obstructive pulmonary disease. Its use should be for a short period of time (see DOSAGE & ADMINISTRATION ) as an aid in the prevention of elevation of arterial CO2 tension during the administration of oxygen. It should not be used in conjunction with mechanical ventilation.",
3638,doxepin,True,HUMAN PRESCRIPTION DRUG,"1 INDICATIONS AND USAGE Doxepin tablets are indicated for the treatment of insomnia characterized by difficulty with sleep maintenance. The clinical trials performed in support of efficacy were up to 3 months in duration. Doxepin tablets are indicated for the treatment of insomnia characterized by difficulties with sleep maintenance. ( 1 , 14 )",Insomnia
3642,doxylamine,True,HUMAN OTC DRUG,Use helps to reduce difficulty in falling asleep,
10402,dronabinol,True,HUMAN PRESCRIPTION DRUG,1 INDICATIONS AND USAGE SYNDROS is indicated in adults for the treatment of: anorexia associated with weight loss in patients with Acquired Immune Deficiency Syndrome (AIDS). nausea and vomiting associated with cancer chemotherapy in patients who have failed to respond adequately to conventional antiemetic treatments. SYNDROS is a cannabinoid indicated in adults for the treatment of: anorexia associated with weight loss in patients with AIDS. ( 1 ) nausea and vomiting associated with cancer chemotherapy in patients who have failed to respond adequately to conventional antiemetic treatments. ( 1 ),
3648,droperidol,True,HUMAN PRESCRIPTION DRUG,INDICATIONS AND USAGE Droperidol Injection is indicated to reduce the incidence of nausea and vomiting associated with surgical and diagnostic procedures.,
11636,drospirenone,True,HUMAN PRESCRIPTION DRUG,"1 INDICATIONS AND USAGE Yaz is a combination of drospirenone, a progestin, and ethinyl estradiol, an estrogen, indicated for use by females of reproductive potential to: • Prevent pregnancy. ( 1.1 ) • Treat symptoms of premenstrual dysphoric disorder (PMDD) for females of reproductive potential who choose to use an oral contraceptive for contraception. ( 1.2 ) • Treat moderate acne for women at least 14 years old only if the patient desires an oral contraceptive for birth control. ( 1.3 ) 1.1 Oral Contraceptive Yaz ® is indicated for use by females of reproductive potential to prevent pregnancy. 1.2 Premenstrual Dysphoric Disorder (PMDD) Yaz is also indicated for the treatment of symptoms of premenstrual dysphoric disorder (PMDD) in females of reproductive potential who choose to use an oral contraceptive as their method of contraception. The effectiveness of Yaz for PMDD when used for more than three menstrual cycles has not been evaluated. The essential features of PMDD according to the Diagnostic and Statistical Manual-4th edition (DSM-IV) include markedly depressed mood, anxiety or tension, affective lability, and persistent anger or irritability. Other features include decreased interest in usual activities, difficulty concentrating, lack of energy, change in appetite or sleep, and feeling out of control. Physical symptoms associated with PMDD include breast tenderness, headache, joint and muscle pain, bloating and weight gain. In this disorder, these symptoms occur regularly during the luteal phase and remit within a few days following onset of menses; the disturbance markedly interferes with work or school, or with usual social activities and relationships with others. Diagnosis is made by healthcare providers according to DSM-IV criteria, with symptomatology assessed prospectively over at least two menstrual cycles. In making the diagnosis, care should be taken to rule out other cyclical mood disorders. Yaz has not been evaluated for the treatment of premenstrual syndrome (PMS). 1.3 Acne Yaz is indicated for the treatment of moderate acne vulgaris in women at least 14 years of age, who have no known contraindications to oral contraceptive therapy and have achieved menarche. Yaz should be used for the treatment of acne only if the patient desires an oral contraceptive for birth control.",Premenstrual Dysphoric Disorder
72625,duloxetine,True,HUMAN PRESCRIPTION DRUG,1 INDICATIONS AND USAGE Duloxetine delayed-release capsules is indicated for the treatment of: Major depressive disorder in adults Generalized anxiety disorder in adults and pediatric patients 7 years of age and older Diabetic peripheral neuropathic pain in adults Fibromyalgia in adults and pediatric patients 13 years of age and older Chronic musculoskeletal pain in adults Duloxetine delayed-release capsules are a serotonin and norepinephrine reuptake inhibitor (SNRI) indicated for the treatment of the following conditions: Major depressive disorder (MDD) in adults ( 1 ) Generalized anxiety disorder (GAD) in adults and pediatric patients 7 years of age and older ( 1 ) Diabetic peripheral neuropathic pain (DPNP) in adults ( 1 ) Fibromyalgia (FM) in adults and pediatric patients 13 years of age and older ( 1 ) Chronic musculoskeletal pain in adults ( 1 ),Major Depressive Disorder; Generalized Anxiety Disorder
3755,edetic acid,False,,,
2612527,elivaldogene autotemcel,True,CELLULAR THERAPY,"1 INDICATIONS AND USAGE SKYSONA is indicated to slow the progression of neurologic dysfunction in boys 4-17 years of age with early, active cerebral adrenoleukodystrophy (CALD) without an available human leukocyte antigen (HLA)-matched donor for allogeneic hematopoietic stem cell transplant. Early, active cerebral adrenoleukodystrophy refers to asymptomatic or mildly symptomatic (neurologic function score, NFS ≤ 1) boys who have gadolinium enhancement on brain magnetic resonance imaging (MRI) and Loes scores of 0.5-9. This indication is approved under accelerated approval based on 24-month Major Functional Disability (MFD)-free survival [see Clinical Studies (14) ] . Continued approval for this indication may be contingent upon verification and description of clinical benefit in a confirmatory trial(s). SKYSONA is an autologous hematopoietic stem cell-based gene therapy indicated to slow the progression of neurologic dysfunction in boys 4-17 years of age with early, active cerebral adrenoleukodystrophy (CALD) without an available human leukocyte antigen (HLA)-matched donor for allogeneic hematopoietic stem cell transplant. Early, active CALD refers to asymptomatic or mildly symptomatic (neurologic function score, NFS ≤ 1) boys who have gadolinium enhancement on brain magnetic resonance imaging (MRI) and Loes scores of 0.5-9. This indication is approved under accelerated approval based on 24-month Major Functional Disability (MFD)-free survival. [see Clinical Studies (14) ] . Continued approval for this indication may be contingent upon verification and description of clinical benefit in a confirmatory trial(s). ( 1 ) Limitations of Use SKYSONA does not treat or prevent adrenal insufficiency. ( 1 ) An immune response to SKYSONA may cause rapid loss of efficacy of SKYSONA in patients with full deletions of the human adenosine triphosphate binding cassette, sub family D, member 1 ( ABCD1) gene. ( 1 ) SKYSONA has not been studied in CALD secondary to head trauma. ( 1 ) Given the risk of hematologic malignancy with SKYSONA, and unclear long-term durability of SKYSONA and human adrenoleukodystrophy protein (ALDP) expression, careful consideration should be given to the timing of treatment for each boy and treatment of boys with isolated pyramidal tract disease as clinical manifestations do not usually occur until adulthood. ( 1 ) Limitations of Use SKYSONA does not prevent the development of or treat adrenal insufficiency due to adrenoleukodystrophy. An immune response to SKYSONA may limit the persistence of descendent cells of SKYSONA, causing rapid loss of efficacy of SKYSONA in patients with full deletions of the human adenosine triphosphate binding cassette, sub family D, member 1 ( ABCD1) gene. SKYSONA has not been studied in patients with CALD secondary to head trauma. Given the risk of hematologic malignancy with SKYSONA, and unclear long-term durability of SKYSONA and human adrenoleukodystrophy protein (ALDP) expression, careful consideration should be given to the appropriateness and timing of treatment for each boy, especially for boys with isolated pyramidal tract disease since their clinical symptoms do not usually occur until adulthood.",
1653781,eluxadoline,True,HUMAN PRESCRIPTION DRUG,"1 INDICATIONS AND USAGE VIBERZI is indicated in adults for the treatment of irritable bowel syndrome with diarrhea (IBS-D). VIBERZI is a mu-opioid receptor agonist, indicated in adults for the treatment of irritable bowel syndrome with diarrhea (IBS-D). ( 1 )",
4024,"ergoloid mesylates, USP",False,,,
321988,escitalopram,True,HUMAN PRESCRIPTION DRUG,"1 INDICATIONS AND USAGE Escitalopram is indicated for the treatment of: major depressive disorder (MDD) in adults and pediatric patients 12 years of age and older. generalized anxiety disorder (GAD) in adults. Additional pediatric use information is approved for AbbVie Inc.’s Lexapro (escitalopram) tablets and LEXAPRO (escitalopram) oral solution. However, due to AbbVie Inc.’s marketing exclusivity rights, this drug product is not labeled with that information. Escitalopram is a selective serotonin reuptake inhibitor (SSRI) indicated for the: treatment of major depressive disorder (MDD) in adults and pediatric patients 12 years of age and older ( 1 ) treatment of generalized anxiety disorder (GAD) in adults ( 1 )",Major Depressive Disorder; Generalized Anxiety Disorder
2119365,esketamine,True,HUMAN PRESCRIPTION DRUG,"1 INDICATIONS AND USAGE SPRAVATO is indicated for the treatment of: Treatment-resistant depression (TRD) in adults as monotherapy or in conjunction with an oral antidepressant Depressive symptoms in adults with major depressive disorder (MDD) with acute suicidal ideation or behavior in conjunction with an oral antidepressant SPRAVATO is a non-competitive N -methyl D -aspartate (NMDA) receptor antagonist indicated for the treatment of: Treatment-resistant depression (TRD) in adults, as monotherapy or in conjunction with an oral antidepressant. ( 1 ) Depressive symptoms in adults with major depressive disorder (MDD) with acute suicidal ideation or behavior in conjunction with an oral antidepressant. ( 1 ) Limitations of Use: The effectiveness of SPRAVATO in preventing suicide or in reducing suicidal ideation or behavior has not been demonstrated. Use of SPRAVATO does not preclude the need for hospitalization if clinically warranted, even if patients experience improvement after an initial dose of SPRAVATO. ( 1 ) SPRAVATO is not approved as an anesthetic agent. The safety and effectiveness of SPRAVATO as an anesthetic agent have not been established. ( 1 ) Limitations of Use The effectiveness of SPRAVATO in preventing suicide or in reducing suicidal ideation or behavior has not been demonstrated [see Clinical Studies (14.2) ] . Use of SPRAVATO does not preclude the need for hospitalization if clinically warranted, even if patients experience improvement after an initial dose of SPRAVATO. SPRAVATO is not approved as an anesthetic agent. The safety and effectiveness of SPRAVATO as an anesthetic agent have not been established.",Major Depressive Disorder; Treatment-Resistant Depression
4077,estazolam,True,HUMAN PRESCRIPTION DRUG,"INDICATIONS AND USAGE Estazolam is indicated for the short-term management of insomnia characterized by difficulty in falling asleep, frequent nocturnal awakenings, and/or early morning awakenings. Both outpatient studies and a sleep laboratory study have shown that estazolam administered at bedtime improved sleep induction and sleep maintenance (see CLINICAL PHARMACOLOGY ). Because insomnia is often transient and intermittent, the prolonged administration of estazolam is generally neither necessary nor recommended. Since insomnia may be a symptom of several other disorders, the possibility that the complaint may be related to a condition for which there is a more specific treatment should be considered. There is evidence to support the ability of estazolam to enhance the duration and quality of sleep for intervals up to 12 weeks (see CLINICAL PHARMACOLOGY ).",Insomnia
461016,eszopiclone,True,HUMAN PRESCRIPTION DRUG,"1 INDICATIONS & USAGE Eszopiclone tablets are indicated for the treatment of insomnia. In controlled outpatient and sleep laboratory studies, eszopiclone tablets administered at bedtime decreased sleep latency and improved sleep maintenance. The clinical trials performed in support of efficacy were up to 6 months in duration. The final formal assessments of sleep latency and maintenance were performed at 4 weeks in the 6-week study (adults only), at the end of both 2-week studies (elderly only) and at the end of the 6-month study (adults only). Eszopiclone tablets are indicated for the treatment of insomnia. Eszopiclone tablets has been shown to decrease sleep latency and improve sleep maintenance ( 1 )",Insomnia
4118,ethchlorvynol,False,,,
24474,ethinamate,False,,,
14584,etonogestrel,True,HUMAN PRESCRIPTION DRUG,1 INDICATIONS AND USAGE FOR VAGINAL USE ONLY Etonogestrel and ethinyl estradiol vaginal ring is indicated for use by females of reproductive age to prevent pregnancy. Etonogestrel and ethinyl estradiol vaginal ring is an estrogen/progestin combination hormonal contraceptive (CHC) indicated for use by women to prevent pregnancy. ( 1 ),
4328,fenfluramine,True,HUMAN PRESCRIPTION DRUG,1 INDICATIONS AND USAGE FINTEPLA is indicated for the treatment of seizures associated with Dravet syndrome (DS) and Lennox-Gastaut syndrome (LGS) in patients 2 years of age and older. FINTEPLA is indicated for the treatment of seizures associated with Dravet syndrome and Lennox-Gastaut syndrome in patients 2 years of age and older. ( 1 ),
1665509,flibanserin,True,HUMAN PRESCRIPTION DRUG,"1 INDICATIONS AND USAGE ADDYI is indicated for the treatment of women less than 65 years of age with acquired, generalized hypoactive sexual desire disorder (HSDD) as characterized by low sexual desire that causes marked distress or interpersonal difficulty and is not due to: • A co-existing medical or psychiatric condition, • Problems within the relationship, or • The effects of a medication or other drug substance. Acquired HSDD refers to HSDD that develops in a patient who previously had no problems with sexual desire. Generalized HSDD refers to HSDD that occurs regardless of the type of stimulation, situation or partner. Limitations of Use • ADDYI is not indicated in men. • ADDYI is not indicated to enhance sexual performance. ADDYI is indicated for the treatment of women less than 65 years of age with acquired, generalized hypoactive sexual desire disorder (HSDD) as characterized by low sexual desire that causes marked distress or interpersonal difficulty and is not due to ( 1 ): • A co-existing medical or psychiatric condition, • Problems within the relationship, or • The effects of a medication or other drug substance. Limitations of Use: • ADDYI is not indicated in men (1) • ADDYI is not indicated to enhance sexual performance. ( 1 )",
4457,flumazenil,True,HUMAN PRESCRIPTION DRUG,"INDICATIONS AND USAGE Adult Patients Flumazenil Injection, USP is indicated for the complete or partial reversal of the sedative effects of benzodiazepines in cases where general anesthesia has been induced and/or maintained with benzodiazepines, where sedation has been produced with benzodiazepines for diagnostic and therapeutic procedures, and for the management of benzodiazepine overdose. Pediatric Patients (aged 1 to 17) Flumazenil Injection, USP is indicated for the reversal of conscious sedation induced with benzodiazepines (see PRECAUTIONS: Pediatric Use ).",
4460,flunitrazepam,False,,,
4493,fluoxetine,True,HUMAN PRESCRIPTION DRUG,"1 INDICATIONS AND USAGE Fluoxetine is indicated for the treatment of: Acute and maintenance treatment of Major Depressive Disorder [see Clinical Studies (14.1) ] . Acute and maintenance treatment of obsessions and compulsions in patients with Obsessive Compulsive Disorder (OCD) [see Clinical Studies (14.2) ] . Acute and maintenance treatment of binge-eating and vomiting behaviors in patients with moderate to severe Bulimia Nervosa [see Clinical Studies (14.3) ] . Acute treatment of Panic Disorder, with or without agoraphobia [see Clinical Studies (14.4) ] . Fluoxetine and Olanzapine in Combination is indicated for the treatment of: Acute treatment of depressive episodes associated with Bipolar I Disorder. Fluoxetine monotherapy is not indicated for the treatment of depressive episodes associated with Bipolar I Disorder. When using Fluoxetine and olanzapine in combination, also refer to the Clinical Studies section of the package insert for Symbyax ® . Fluoxetine capsules are a selective serotonin reuptake inhibitor indicated for: Acute and maintenance treatment of Major Depressive Disorder (MDD) ( 1 ) Acute and maintenance treatment of Obsessive Compulsive Disorder (OCD) ( 1 ) Acute and maintenance treatment of Bulimia Nervosa ( 1 ) Acute treatment of Panic Disorder, with or without agoraphobia ( 1 ) Fluoxetine capsules and olanzapine in combination for treatment of: Acute Depressive Episodes Associated with Bipolar I Disorder ( 1 )",Major Depressive Disorder; Bipolar Disorder; Panic Disorder; OCD; Bulimia Nervosa
4495,flupenthixol,False,,,
4496,fluphenazine,True,HUMAN PRESCRIPTION DRUG,"INDICATIONS AND USAGE: Fluphenazine Decanoate Injection is a long-acting parenteral antipsychotic drug intended for use in the management of patients requiring prolonged parenteral neuroleptic therapy (e.g., chronic schizophrenics). Fluphenazine Decanoate Injection has not been shown effective in the management of behavioral complications in patients with mental retardation.",
4501,flurazepam,True,HUMAN PRESCRIPTION DRUG,"1 INDICATIONS AND USAGE Flurazepam hydrochloride capsules are indicated for the treatment of insomnia characterized by difficulty in falling asleep, frequent nocturnal awakenings, and/or early morning awakenings [see Clinical Studies ( 14 ) ]. Since insomnia is often transient and intermittent, short-term use is usually sufficient. Prolonged use of hypnotics is usually not indicated and should only be undertaken concomitantly with appropriate evaluation of the patient. Flurazepam, a gamma-aminobutyric (GABA A ) agonist, is indicated for the treatment of insomnia characterized by difficulty falling asleep, frequent nocturnal awakenings, and/or early morning awakenings. ( 1 )",Insomnia
4507,fluspirilene,False,,,
42355,fluvoxamine,True,HUMAN PRESCRIPTION DRUG,"1 INDICATIONS AND USAGE Fluvoxamine maleate extended-release capsules is a selective serotonin reuptake inhibitor (SSRI) indicated for the treatment of obsessive compulsive disorder (OCD) ( 1 ). Efficacy was demonstrated in: One 12-week study fluvoxamine maleate extended-release capsules in adults ( 14.1 ). Two 10-week studies with immediate-release (IR) fluvoxamine tablets in adults and one 10-week study with IR fluvoxamine tablets in children and adolescents ( 14.1 , 14.3 ). One maintenance study with IR fluvoxamine tablets ( 14.2 ). 1.1 Obsessive Compulsive Disorder Fluvoxamine maleate extended-release capsules are indicated for the treatment of obsessive compulsive disorder (OCD), as defined in the DSM-IV. Obsessive compulsive disorder is characterized by recurrent and persistent ideas, thoughts, impulses, or images (obsessions) that are ego-dystonic and/or repetitive, purposeful, and intentional behaviors (compulsions) that are recognized by the person as excessive or unreasonable. The obsessions or compulsions cause marked distress, are time-consuming, or significantly interfere with social or occupational functioning. The efficacy of fluvoxamine maleate extended-release capsules was demonstrated in one 12-week trial in adults with fluvoxamine maleate extended-release capsules as well as in two 10-week trials in adults and in one 10-week trial in children and adolescents (ages 8 years to 17 years) with immediate-release fluvoxamine tablets in outpatients with the diagnosis of OCD as defined in DSM-IV or DSM-III-R (see CLINICAL STUDIES [ 14.1 , 14.3 ]). The efficacy of fluvoxamine for long-term use was established in one maintenance study in adults with immediate-release fluvoxamine tablets (see CLINICAL STUDIES [ 14.2 ]). The health care provider who elects to prescribe fluvoxamine maleate extended-release capsules for extended periods should periodically re-evaluate the long-term usefulness of the drug for the individual patient (see DOSAGE AND ADMINISTRATION [ 2.4 ]).",OCD
4603,furosemide,True,HUMAN PRESCRIPTION DRUG,"INDICATIONS AND USAGE Edema Furosemide tablets are indicated in adults and pediatric patients for the treatment of edema associated with congestive heart failure, cirrhosis of the liver, and renal disease, including the nephrotic syndrome. Furosemide tablets are particularly useful when an agent with greater diuretic potential is desired. Hypertension Oral furosemide may be used in adults for the treatment of hypertension alone or in combination with other antihypertensive agents. Hypertensive patients who cannot be adequately controlled with thiazides will probably also not be adequately controlled with furosemide alone. Edema Furosemide tablets are indicated in adults and pediatric patients for the treatment of edema associated with congestive heart failure, cirrhosis of the liver, and renal disease, including the nephrotic syndrome. Furosemide tablets are particularly useful when an agent with greater diuretic potential is desired. Hypertension Oral furosemide may be used in adults for the treatment of hypertension alone or in combination with other antihypertensive agents. Hypertensive patients who cannot be adequately controlled with thiazides will probably also not be adequately controlled with furosemide alone.",
25480,gabapentin,True,HUMAN PRESCRIPTION DRUG,"1 INDICATIONS AND USAGE Gabapentin Capsules, USP are indicated for: Management of postherpetic neuralgia in adults Adjunctive therapy in the treatment of partial onset seizures, with and without secondary generalization, in adults and pediatric patients 3 years and older with epilepsy Gabapentin Capsules, USP are indicated for Postherpetic neuralgia in adults (1) Adjunctive therapy in the treatment of partial onset seizures, with and without secondary generalization, in adults and pediatric patients 3 years and older with epilepsy (1)",
4637,galantamine,True,HUMAN PRESCRIPTION DRUG,1 INDICATIONS AND USAGE Galantamine hydrobromide extended-release capsules are indicated for the treatment of mild to moderate dementia of the Alzheimer's type. Galantamine hydrobromide is a cholinesterase inhibitor indicated for the treatment of mild to moderate dementia of the Alzheimer’s type ( 1 ),
2672253,gepirone,True,HUMAN PRESCRIPTION DRUG,1 INDICATIONS AND USAGE EXXUA is indicated for the treatment of major depressive disorder (MDD) in adults. EXXUA is indicated for the treatment of major depressive disorder (MDD) in adults ( 1 ).,Major Depressive Disorder
325526,ginseng preparation,False,,,
4850,glucose,True,HUMAN OTC DRUG,Uses for relief of upset stomach associated with nausea,
4903,glutethimide,False,,,
40114,guanfacine,True,HUMAN PRESCRIPTION DRUG,"INDICATIONS AND USAGE Guanfacine tablets, USP are indicated in the management of hypertension. Guanfacine tablets, USP may be given alone or in combination with other antihypertensive agents, especially thiazide-type diuretics.",
26412,halazepam,False,,,
50749,halofantrine,False,,,
5093,haloperidol,True,HUMAN PRESCRIPTION DRUG,"INDICATIONS AND USAGE Haloperidol tablets are indicated for use in the management of manifestations of psychotic disorders. Haloperidol tablets are indicated for the control of tics and vocal utterances of Tourette's Disorder in children and adults. Haloperidol tablets are effective for the treatment of severe behavior problems in children of combative, explosive hyperexcitability (which cannot be accounted for by immediate provocation). Haloperidol tablets are also effective in the short-term treatment of hyperactive children who show excessive motor activity with accompanying conduct disorders consisting of some or all of the following symptoms: impulsivity, difficulty sustaining attention, aggressivity, mood lability, and poor frustration tolerance. Haloperidol tablets should be reserved for these two groups of children only after failure to respond to psychotherapy or medications other than antipsychotics.",Tourette's Disorder
2267703,huperzine A,False,,,
5514,hydroxocobalamin,True,HUMAN PRESCRIPTION DRUG,,
5553,hydroxyzine,True,HUMAN PRESCRIPTION DRUG,"INDICATIONS For symptomatic relief of anxiety and tension associated with psychoneurosis and as an adjunct in organic disease states in which anxiety is manifested. Useful in the management of pruritus due to allergic conditions such as chronic urticaria and atopic and contact dermatoses, and in histamine-mediated pruritus. As a sedative when used as premedication and following general anesthesia, hydroxyzine may potentiate meperidine (Demerol ® ) and barbiturates, so their use in pre-anesthetic adjunctive therapy should be modified on an individual basis. Atropine and other belladonna alkaloids are not affected by the drug. Hydroxyzine is not known to interfere with the action of digitalis in any way and it may be used concurrently with this agent. The effectiveness of hydroxyzine as an antianxiety agent for long-term use, that is, more than 4 months, has not been assessed by systematic clinical studies. The physician should reassess periodically the usefulness of the drug for the individual patient.",
644101,idursulfase,True,HUMAN PRESCRIPTION DRUG,"1 INDICATIONS AND USAGE ELAPRASE is indicated for patients with Hunter syndrome (Mucopolysaccharidosis II, MPS II). ELAPRASE has been shown to improve walking capacity in patients 5 years and older. In patients 16 months to 5 years of age, no data are available to demonstrate improvement in disease-related symptoms or long term clinical outcome; however, treatment with ELAPRASE has reduced spleen volume similarly to that of adults and children 5 years of age and older. The safety and efficacy of ELAPRASE have not been established in pediatric patients less than 16 months of age [see Use in Specific Populations (8.4) ]. ELAPRASE is a hydrolytic lysosomal glycosaminoglycan (GAG)-specific enzyme indicated for patients with Hunter syndrome (Mucopolysaccharidosis II, MPS II). ELAPRASE has been shown to improve walking capacity in patients 5 years and older. In patients 16 months to 5 years of age, no data are available to demonstrate improvement in disease-related symptoms or long term clinical outcome; however, treatment with ELAPRASE has reduced spleen volume similarly to that of adults and children 5 years of age and older. The safety and efficacy of ELAPRASE have not been established in pediatric patients less than 16 months of age ( 1 ).",
73178,iloperidone,True,HUMAN PRESCRIPTION DRUG,"1 INDICATIONS AND USAGE FANAPT ® is indicated for: Treatment of schizophrenia in adults [see Clinical Studies (14.1) ]. Acute treatment of manic or mixed episodes associated with bipolar I disorder in adults [see Clinical Studies (14.2) ] . FANAPT is an atypical antipsychotic indicated for: Treatment of schizophrenia in adults. ( 1 , 14.1 ) Acute treatment of manic or mixed episodes associated with bipolar I disorder in adults. ( 1 , 14.2 )",Bipolar Disorder; Schizophrenia
5691,imipramine,True,HUMAN PRESCRIPTION DRUG,"INDICATIONS AND USAGE Depression -For the relief of symptoms of depression. Endogenous depression is more likely to be alleviated than other depressive states. One to three weeks of treatment may be needed before optimal therapeutic effects are evident. Childhood Enuresis -May be useful as temporary adjunctive therapy in reducing enuresis in children aged 6 years and older, after possible organic causes have been excluded by appropriate tests. In patients having daytime symptoms of frequency and urgency, examination should include voiding cystourethrography and cystoscopy, as necessary. The effectiveness of treatment may decrease with continued drug administration.",
5975,ipecac,True,HUMAN OTC DRUG,INDICATIONS ARSENICUM ALB Vomiting IPECAC Nausea NUX VOM Vomiting PULSATILLA Weeping SULPHUR Skin problems,
262150,iron carbonyl,False,,,
6011,isocarboxazid,True,HUMAN PRESCRIPTION DRUG,"INDICATIONS AND USAGE Marplan is indicated for the treatment of depression. Because of its potentially serious side effects, Marplan is not an antidepressant of first choice in the treatment of newly diagnosed depressed patients. The efficacy of Marplan in the treatment of depression was established in 6-week controlled trials of depressed outpatients. These patients had symptoms that corresponded to the DSM-IV category of major depressive disorder; however, they often also had signs and symptoms of anxiety (anxious mood, panic, and/or phobic symptoms) ( see CLINICAL PHARMACOLOGY ). A major depressive episode (DSM-IV) implies a prominent and relatively persistent (nearly every day for at least 2 weeks) depressed or dysphoric mood that usually interferes with daily functioning, and includes at least five of the following nine symptoms: depressed mood, loss of interest in usual activities, significant change in weight and/or appetite, insomnia or hypersomnia, psychomotor agitation or retardation, increased fatigue, feelings of guilt or worthlessness, slowed thinking or impaired concentration, and a suicide attempt or suicidal ideation. The antidepressant effectiveness of Marplan in hospitalized depressed patients, or in endogenomorphically retarded and delusionally depressed patients, has not been adequately studied. The effectiveness of Marplan in long-term use, that is, for more than 6 weeks, has not been systematically evaluated in controlled trials. Therefore, the physician who elects to use Marplan for extended periods should periodically evaluate the long-term usefulness of the drug for the individual patient.",Major Depressive Disorder; Insomnia
6026,isoflurane,True,HUMAN PRESCRIPTION DRUG,"1 INDICATIONS AND USAGE Isoflurane USP may be used for induction and maintenance of general anesthesia. Adequate data have not been developed to establish its application in obstetrical anesthesia. Isoflurane USP, a general anesthetic, is an inhalation agent indicated for induction and maintenance of general anesthesia. ( 1 )",
285228,kava preparation,False,,,
6130,ketamine,True,HUMAN PRESCRIPTION DRUG,1 INDICATIONS AND USAGE KETALAR (ketamine hydrochloride) injection is indicated: as the sole anesthetic agent for diagnostic and surgical procedures that do not require skeletal muscle relaxation. for the induction of anesthesia prior to the administration of other general anesthetic agents. as a supplement to other anesthetic agents. KETALAR is a general anesthetic indicated: as the sole anesthetic agent for diagnostic and surgical procedures that do not require skeletal muscle relaxation ( 1 ) for the induction of anesthesia prior to the administration of other general anesthetic agents ( 1 ) as a supplement to other anesthetic agents ( 1 ).,
28439,lamotrigine,True,HUMAN PRESCRIPTION DRUG,"1 INDICATIONS AND USAGE Lamotrigine orally disintegrating tablets are indicated for: Epilepsy—adjunctive therapy in patients aged 2 years and older : partial-onset seizures. primary generalized tonic-clonic (PGTC) seizures. generalized seizures of Lennox-Gastaut syndrome. ( 1.1 ) Epilepsy—monotherapy in patients aged 16 years and older : Conversion to monotherapy in patients with partial-onset seizures who are receiving treatment with carbamazepine, phenytoin, phenobarbital, primidone, or valproate as the single antiepileptic drug. ( 1.1 ) Bipolar disorder : Maintenance treatment of bipolar I disorder to delay the time to occurrence of mood episodes in patients treated for acute mood episodes with standard therapy. ( 1.2 ) Limitations of Use: Treatment of acute manic or mixed episodes is not recommended. Effectiveness of lamotrigine in the acute treatment of mood episodes has not been established. 1.1 Epilepsy Adjunctive Therapy Lamotrigine orally disintegrating tablets are indicated as adjunctive therapy for the following seizure types in patients aged 2 years and older: partial-onset seizures. primary generalized tonic-clonic (PGTC) seizures. generalized seizures of Lennox-Gastaut syndrome. Monotherapy Lamotrigine orally disintegrating tablets are indicated for conversion to monotherapy in adults (aged 16 years and older) with partial-onset seizures who are receiving treatment with carbamazepine, phenytoin, phenobarbital, primidone, or valproate as the single antiepileptic drug (AED). Safety and effectiveness of lamotrigine orally disintegrating tablets have not been established (1) as initial monotherapy; (2) for conversion to monotherapy from AEDs other than carbamazepine, phenytoin, phenobarbital, primidone, or valproate; or (3) for simultaneous conversion to monotherapy from 2 or more concomitant AEDs. 1.2 Bipolar Disorder Lamotrigine orally disintegrating tablets are indicated for the maintenance treatment of bipolar I disorder to delay the time to occurrence of mood episodes (depression, mania, hypomania, mixed episodes) in patients treated for acute mood episodes with standard therapy [see Clinical Studies (14.2) ] . Limitations of Use Treatment of acute manic or mixed episodes is not recommended. Effectiveness of lamotrigine orally disintegrating tablets in the acute treatment of mood episodes has not been established.",Bipolar Disorder
2626143,lecanemab,True,HUMAN PRESCRIPTION DRUG,"1 INDICATIONS AND USAGE LEQEMBI is indicated for the treatment of Alzheimer’s disease. Treatment with LEQEMBI should be initiated in patients with mild cognitive impairment or mild dementia stage of disease, the population in which treatment was initiated in clinical trials. LEQEMBI is an amyloid beta-directed antibody indicated for the treatment of Alzheimer’s disease. Treatment with LEQEMBI should be initiated in patients with mild cognitive impairment or mild dementia stage of disease, the population in which treatment was initiated in clinical trials. ( 1 )",
2272403,lemborexant,True,HUMAN PRESCRIPTION DRUG,"1 INDICATIONS AND USAGE DAYVIGO is indicated for the treatment of adult patients with insomnia, characterized by difficulties with sleep onset and/or sleep maintenance [see Clinical Studies ( 14.1 )] . DAYVIGO is an orexin receptor antagonist indicated for the treatment of adult patients with insomnia, characterized by difficulties with sleep onset and/or sleep maintenance. ( 1 )",Insomnia
1731031,lesinurad,False,,,
237005,levomethadyl,False,,,
1433212,levomilnacipran,True,HUMAN PRESCRIPTION DRUG,1 INDICATIONS AND USAGE FETZIMA ® is indicated for the treatment of major depressive disorder (MDD) in adults [see Clinical Studies ( 14 )]. Limitation of Use: FETZIMA is not approved for the management of fibromyalgia. The efficacy and safety of FETZIMA for the management of fibromyalgia have not been established. FETZIMA is a serotonin and norepinephrine reuptake inhibitor (SNRI) indicated for the treatment of Major Depressive Disorder (MDD) in adults ( 1 ). Limitation of Use : FETZIMA is not approved for the management of fibromyalgia. The efficacy and safety of FETZIMA for the management of fibromyalgia have not been established ( 1 ).,Major Depressive Disorder
6373,levonorgestrel,True,HUMAN PRESCRIPTION DRUG,"1 INDICATIONS AND USAGE Iclevia TM (levonorgestrel and ethinyl estradiol tablets) is indicated for use by females of reproductive potential to prevent pregnancy. Iclevia is a combination of levonorgestrel, a progestin, and ethinyl estradiol, an estrogen, indicated for use by females of reproductive potential to prevent pregnancy. ( 1 )",
700810,lisdexamfetamine,True,HUMAN PRESCRIPTION DRUG,"1 INDICATIONS AND USAGE Lisdexamfetamine dimesylate capsules are indicated for the treatment of: Attention Deficit Hyperactivity Disorder (ADHD) in adults and pediatric patients 6 years and older [see Clinical Studies (14.1) ] Moderate to severe binge eating disorder (BED) in adults [see Clinical Studies (14.2) ] . Lisdexamfetamine dimesylate capsules are a central nervous system (CNS) stimulant indicated for the treatment of ( 1 ): Attention Deficit Hyperactivity Disorder (ADHD) in adults and pediatric patients 6 years and older Moderate to severe binge eating disorder (BED) in adults Limitations of Use : The use of lisdexamfetamine dimesylate capsules is not recommended in pediatric patients younger than 6 years of age because they had higher plasma exposure and a higher incidence of adverse reactions (e.g., weight loss) than patients 6 years and older at the same dosage ( 5.5 , 8.4 ) Lisdexamfetamine dimesylate capsules are not indicated for weight loss. Use of other sympathomimetic drugs for weight loss has been associated with serious cardiovascular adverse events. The safety and effectiveness of lisdexamfetamine dimesylate capsules for the treatment of obesity have not been established ( 5.2 ) Limitations of Use: The use of lisdexamfetamine dimesylate capsules is not recommended in pediatric patients younger than 6 years of age because they had higher plasma exposure and a higher incidence of adverse reactions (e.g., weight loss) than patients 6 years and older at the same dosage [see Warnings and Precautions (5.5) , Use in Specific Populations (8.4) ] . Lisdexamfetamine dimesylate capsules are not indicated or recommended for weight loss. Use of other sympathomimetic drugs for weight loss has been associated with serious cardiovascular adverse events. The safety and effectiveness of lisdexamfetamine dimesylate capsules for the treatment of obesity have not been established [see Warnings and Precautions (5.2) ] .",ADHD; Binge Eating Disorder
6448,lithium,True,HUMAN PRESCRIPTION DRUG,1 INDICATIONS AND USAGE Lithium is a mood-stabilizing agent indicated as monotherapy for the treatment of bipolar I disorder: • Treatment of acute manic and mixed episodes in patients 7 years and older [see Clinical Studies ( 14 )] • Maintenance treatment in patients 7 years and older [see Clinical Studies ( 14 )] Lithium is a mood-stabilizing agent indicated as monotherapy for the treatment of bipolar I disorder: • Treatment of acute manic and mixed episodes in patients 7 years and older ( 1 ) • Maintenance treatment in patients 7 years and older ( 1 ),Bipolar Disorder
746070,lithium aspartate,False,,,
42351,lithium carbonate,True,HUMAN PRESCRIPTION DRUG,1 INDICATIONS AND USAGE Lithium is a mood-stabilizing agent indicated as monotherapy for the treatment of bipolar I disorder: • Treatment of acute manic and mixed episodes in patients 7 years and older [see Clinical Studies ( 14 )] • Maintenance treatment in patients 7 years and older [see Clinical Studies ( 14 )] Lithium is a mood-stabilizing agent indicated as monotherapy for the treatment of bipolar I disorder: • Treatment of acute manic and mixed episodes in patients 7 years and older ( 1 ) • Maintenance treatment in patients 7 years and older ( 1 ),Bipolar Disorder
52105,lithium citrate,True,HUMAN PRESCRIPTION DRUG,1 INDICATIONS AND USAGE Lithium is a mood stabilizing agent indicated as monotherapy for the treatment of bipolar I disorder: Treatment of acute manic and mixed episodes in patients 7 years and older [see Clinical Studies (14) ] Maintenance treatment in patients 7 years and older [see Clinical Studies (14) ] Lithium is a mood-stabilizing agent indicated as monotherapy for the treatment of bipolar I disorder: Treatment of acute manic and mixed episodes in patients 7 years and older ( 1 ) Maintenance treatment in patients 7 years and older ( 1 ),Bipolar Disorder
28863,lofexidine,True,HUMAN PRESCRIPTION DRUG,1 INDICATIONS AND USAGE Lofexidine tablets are indicated for mitigation of opioid withdrawal symptoms to facilitate abrupt opioid discontinuation in adults. Lofexidine tablets are a central alpha-2 adrenergic agonist indicated for mitigation of opioid withdrawal symptoms to facilitate abrupt opioid discontinuation in adults. ( 1 ),
2569562,lonapegsomatropin,True,HUMAN PRESCRIPTION DRUG,1 INDICATIONS AND USAGE SKYTROFA (lonapegsomatropin-tcgd) is a human growth hormone indicated for the: Treatment of pediatric patients 1 year and older who weigh at least 11.5 kg and have growth failure due to inadequate secretion of endogenous growth hormone (GH). Replacement of endogenous growth hormone in adults with growth hormone deficiency (GHD). SKYTROFA is a human growth hormone indicated for: Pediatric Patients: Treatment of pediatric patients 1 year and older who weigh at least 11.5 kg and have growth failure due to inadequate secretion of endogenous growth hormone (GH) ( 1 ). Adults: Replacement of endogenous growth hormone in adults with growth hormone deficiency (GHD) ( 1 ).,
6470,lorazepam,True,HUMAN PRESCRIPTION DRUG,"INDICATIONS AND USAGE Lorazepam tablets are indicated for the management of anxiety disorders or for the short-term relief of the symptoms of anxiety or anxiety associated with depressive symptoms. Anxiety or tension associated with the stress of everyday life usually does not require treatment with an anxiolytic. The effectiveness of lorazepam tablets in long-term use, that is, more than 4 months, has not been assessed by systematic clinical studies. The physician should periodically reassess the usefulness of the drug for the individual patient.",
28894,lormetazepam,False,,,
6475,loxapine,True,HUMAN PRESCRIPTION DRUG,"INDICATIONS AND USAGE Loxapine Capsules, USP are indicated for the treatment of schizophrenia. The efficacy of loxapine in schizophrenia was established in clinical studies which enrolled newly hospitalized and chronically hospitalized acutely ill schizophrenic patients as subjects.",Schizophrenia
2275602,lumateperone,True,HUMAN PRESCRIPTION DRUG,"1 INDICATIONS AND USAGE CAPLYTA is indicated for: Treatment of schizophrenia in adults [see Clinical Studies (14.1) ] . Treatment of depressive episodes associated with bipolar I or II disorder (bipolar depression) in adults, as monotherapy and as adjunctive therapy with lithium or valproate [see Clinical Studies (14.2) ] . Adjunctive therapy with antidepressants for the treatment of major depressive disorder (MDD) in adults [see Clinical Studies ( 14.3 ) ]. CAPLYTA is an atypical antipsychotic indicated for: Treatment of schizophrenia in adults. ( 1 ) Treatment of depressive episodes associated with bipolar I or II disorder (bipolar depression) in adults, as monotherapy and as adjunctive therapy with lithium or valproate. ( 1 ) Adjunctive therapy with antidepressants for the treatment of major depressive disorder (MDD) in adults. ( 1 )",Major Depressive Disorder; Bipolar Disorder; Schizophrenia
1040028,lurasidone,True,HUMAN PRESCRIPTION DRUG,"1 INDICATIONS AND USAGE Lurasidone hydrochloride tablets are indicated for: • Treatment of adult and adolescent patients (13 to 17 years) with schizophrenia [see Clinical Studies ( 14.1 )] . • Monotherapy treatment of adult and pediatric patients (10 to 17 years) with major depressive episode associated with bipolar I disorder (bipolar depression) [see Clinical Studies ( 14.2 )]. • Adjunctive treatment with lithium or valproate in adult patients with major depressive episode associated with bipolar I disorder (bipolar depression) [see Clinical Studies ( 14.2 )]. Lurasidone hydrochloride tablets are an atypical antipsychotic indicated for the treatment of: • Schizophrenia in adults and adolescents (13 to 17 years) ( 1 , 14.1 ) • Depressive episode associated with Bipolar I Disorder (bipolar depression) in adults and pediatric patients (10 to 17 years) as monotherapy ( 1 , 14.2 ) • Depressive episode associated with Bipolar I Disorder (bipolar depression) in adults as adjunctive therapy with lithium or valproate ( 1 , 14.2 )",Bipolar Disorder; Schizophrenia
52356,magnesium citrate,True,HUMAN OTC DRUG,Uses: • For relief of occasional constipation (irregularity). • Generally produces bowel movement in ½ to 6 hours,
6646,maprotiline,False,,,
6664,mazindol,False,,,
6673,mecamylamine,True,HUMAN PRESCRIPTION DRUG,INDICATIONS AND USAGE For the management of moderately severe to severe essential hypertension and in uncomplicated cases of malignant hypertension.,
29421,mecobalamin,False,,,
6680,medazepam,False,,,
6694,mefloquine,True,HUMAN PRESCRIPTION DRUG,"INDICATIONS AND USAGE Treatment of Acute Malaria Infections Mefloquine hydrochloride tablets are indicated for the treatment of mild to moderate acute malaria caused by mefloquine-susceptible strains of P. falciparum (both chloroquine-susceptible and resistant strains) or by Plasmodium vivax. There are insufficient clinical data to document the effect of mefloquine in malaria caused by P. ovale or P. malariae. Note: Patients with acute P. vivax malaria, treated with mefloquine, are at high risk of relapse because mefloquine does not eliminate exoerythrocytic (hepatic phase) parasites. To avoid relapse, after initial treatment of the acute infection with mefloquine, patients should subsequently be treated with an 8-aminoquinoline derivative (e.g., primaquine). Prevention of Malaria Mefloquine hydrochloride tablets are indicated for the prophylaxis of P. falciparum and P. vivax malaria infections, including prophylaxis of chloroquine-resistant strains of P. falciparum.",
6711,melatonin,True,HUMAN OTC DRUG,USES TAKE 15 MINUTES BEFORE MEALS,
6719,memantine,True,HUMAN PRESCRIPTION DRUG,1 INDICATIONS AND USAGE Memantine hydrochloride tablets are indicated for the treatment of moderate to severe dementia of the Alzheimer’s type. Memantine hydrochloride tablets are an N-methyl-D-aspartate (NMDA) receptor antagonist indicated for the treatment of moderate to severe dementia of the Alzheimer’s type. (1),
6760,meprobamate,True,HUMAN PRESCRIPTION DRUG,"INDICATIONS AND USAGE Meprobamate tablets are indicated for the management of anxiety disorders or for the short-term relief of the symptoms of anxiety.Anxiety or tension associated with the stress of everyday life usually do not require treatment with an anxiolytic. The effectiveness of meprobamate tablets in long-term use, that is,more than 4 months, has not been assessed by systematic clinical studies. The physician should periodically reassess the usefulness of the drug for the individual patient.",
6779,mesoridazine,False,,,
6782,mestranol,False,,,
6813,methadone,True,HUMAN PRESCRIPTION DRUG,"INDICATIONS AND USAGE 1. Methadone Hydrochloride Injection is indicated for the management of severe and persistent pain that requires an opioid analgesic and that cannot be adequately treated with alternative options, including immediate-release opioids. Limitations of Use • Because of the risks of addiction, abuse, misuse, overdose, and death, which can occur at any dosage or duration (see WARNINGS ), and persist over the course of therapy, reserve opioid analgesics, including Methadone Hydrochloride Injection, for use in patients for whom alternative treatment options are ineffective, not tolerated, or would be otherwise inadequate to provide sufficient management of pain. • Methadone Hydrochloride Injection is not indicated as an as-needed (prn) analgesic. 2. For use in temporary treatment of opioid dependence in patients unable to take oral medication. Limitations of Use • Injectable methadone products are not approved for the outpatient treatment of opioid dependence. In this patient population, parenteral methadone is to be used only for patients unable to take oral medication, such as hospitalized patients. Conditions for Distribution and Use of Methadone Products for the Treatment of Opioid Addiction Code of Federal Regulations, Title 42, Sec 8. Methadone products when used for the treatment of opioid addiction in detoxification or maintenance programs, shall be dispensed only by opioid treatment programs (and agencies, practitioners or institutions by formal agreement with the program sponsor) certified by the Substance Abuse and Mental Health Services Administration and approved by the designated state authority. Certified treatment programs shall dispense and use methadone in oral form only and according to the treatment requirements stipulated in the Federal Opioid Treatment Standards (42 CFR 8.12). See below for important regulatory exceptions to the general requirement for certification to provide opioid agonist treatment. Failure to abide by the requirements in these regulations may result in criminal prosecution, seizure of the drug supply, revocation of the program approval, and injunction precluding operation of the program. Regulatory Exceptions to the General Requirement for Certification to Provide Opioid Agonist Treatment: During inpatient care, when the patient was admitted for any condition other than concurrent opioid addiction (pursuant to 21CFR 1306.07(c)), to facilitate the treatment of the primary admitting diagnosis. During an emergency period of no longer than 3 days while definitive care for the addiction is being sought in an appropriately licensed facility (pursuant to 21CFR 1306.07(b)).",
6816,methamphetamine,True,HUMAN PRESCRIPTION DRUG,1 INDICATIONS AND USAGE Methamphetamine hydrochloride tablets are indicated for the treatment of Attention Deficit Hyperactivity Disorder (ADHD) in pediatric patients 6 years of age and older. • Methamphetamine hydrochloride tablets are a central nervous system (CNS) stimulant indicated for the treatment of Attention Deficit Hyperactivity Disorder (ADHD) in pediatric patients 6 years of age and older. ( 1 ),ADHD
6823,methaqualone,False,,,
29648,methdilazine,False,,,
6851,methotrexate,True,HUMAN PRESCRIPTION DRUG,1 INDICATIONS AND USAGE Methotrexate tablets are a diydrofolate reductase inhibitor indicated for the: • Treatment of adults and pediatric patients with acute lymphoblastic leukemia (ALL) as part of a combination chemotherapy maintenance regimen (1.1) • Treatment of adults with mycosis fungoides (1.1) • Treatment of adults with relapsed or refractory non-Hodgkin lymphoma as part of a metronomic combination regimen (1.1) • Treatment of adults with rheumatoid arthritis (1.2) • Treatment of pediatric patients with polyarticular juvenile idiopathic arthritis (pJIA) (1.3) • Treatment of adults with severe psoriasis (1.4) 1.1 Neoplastic Diseases Methotrexate tablets are indicated for the: • treatment of adults and pediatric patients with acute lymphoblastic leukemia (ALL) as part of a combination chemotherapy maintenance regimen • treatment of adults with mycosis fungoides (cutaneous T-cell lymphoma) as a single agent or as part of a combination chemotherapy regimen • treatment of adults with relapsed or refractory non-Hodgkin lymphomas as part of a metronomic combination chemotherapy regimen 1.2 Rheumatoid Arthritis Methotrexate tablets are indicated for the treatment of adults with rheumatoid arthritis. 1.3 Polyarticular Juvenile Idiopathic Arthritis Methotrexate tablets are indicated for the treatment of pediatric patients with polyarticular Juvenile Idiopathic Arthritis (pJIA). 1.4 Psoriasis Methotrexate tablets are indicated for the treatment of adults with severe psoriasis.,
6852,methotrimeprazine,False,,,
6901,methylphenidate,True,HUMAN PRESCRIPTION DRUG,"1 INDICATIONS AND USAGE Methylphenidate hydrochloride extended-release capsules are indicated for the treatment of Attention Deficit Hyperactivity Disorder (ADHD), in pediatric patients 6 to 12 years of age [see Clinical Studies ( 14 )] . Methylphenidate hydrochloride extended-release capsules are a central nervous system (CNS) stimulant indicated for the treatment of Attention Deficit Hyperactivity Disorder (ADHD) in pediatric patients 6 to 12 years of age. ( 1 )",ADHD
6904,methyltestosterone,True,HUMAN PRESCRIPTION DRUG,"INDICATIONS AND USAGE ESTERIFIED ESTROGENS AND METHYLTESTOSTERONE FULL STRENGTH and ESTERIFIED ESTROGENS AND METHYLTESTOSTERONE HALF STRENGTH are indicated in the treatment of: Moderate to severe vasomotor symptoms associated with the menopause in those patients not improved by estrogens alone. (There is no evidence that estrogens are effective for nervous symptoms or depression without associated vasomotor symptoms, and they should not be used to treat such conditions.) ESTERIFIED ESTROGENS AND METHYLTESTOSTERONE FULL STRENGTH and ESTERIFIED ESTROGENS AND METHYLTESTOSTERONE HALF STRENGTH HAVE NOT BEEN SHOWN TO BE EFFECTIVE FOR ANY PURPOSE DURING PREGNANCY AND ITS USE MAY CAUSE SEVERE HARM TO THE FETUS (SEE BOXED WARNING ).",
6910,methyprylon,False,,,
6916,metolazone,True,HUMAN PRESCRIPTION DRUG,"INDICATIONS AND USAGE Metolazone is indicated for the treatment of salt and water retention including: • edema accompanying congestive heart failure; • edema accompanying renal diseases, including the nephrotic syndrome and states of diminished renal function. Metolazone is also indicated for the treatment of hypertension, alone or in combination with other antihypertensive drugs of a different class. Mykrox ® tablets, a more rapidly available form of metolazone, are intended for the treatment of new patients with mild to moderate hypertension. A dose titration is necessary if Mykrox ® tablets are to be substituted for Zaroxolyn ® tablets and other formulations of metolazone that share its slow and incomplete bioavailability, in the treatment of hypertension. Usage In Pregnancy The routine use of diuretics in an otherwise healthy woman is inappropriate and exposes mother and fetus to unnecessary hazard. Diuretics do not prevent development of toxemia of pregnancy and there is no evidence that they are useful in the treatment of developed toxemia. Edema during pregnancy may arise from pathologic causes or from the physiologic and mechanical consequence of pregnancy. Metolazone is indicated in pregnancy when edema is due to pathologic causes, just as it is in the absence of pregnancy (see PRECAUTIONS ). Dependent edema in pregnancy resulting from restriction of venous return by the expanded uterus is properly treated through elevation of the lower extremities and use of support hose; use of diuretics to lower intravascular volume in this case is illogical and unnecessary. There is hypervolemia during normal pregnancy which is harmful to neither the fetus nor the mother (in the absence of cardiovascular disease), but which is associated with edema, including generalized edema, in the majority of pregnant women. If this edema produces discomfort, increased recumbency will often provide relief. In rare instances, this edema may cause extreme discomfort which is not relieved by rest. In these cases, a short course of diuretics may be appropriate.",
6960,midazolam,True,HUMAN PRESCRIPTION DRUG,"INDICATIONS AND USAGE Midazolam injection is indicated: intramuscularly or intravenously for preoperative sedation/anxiolysis/amnesia; intravenously as an agent for sedation/anxiolysis/amnesia prior to or during diagnostic, therapeutic or endoscopic procedures, such as bronchoscopy, gastroscopy, cystoscopy, coronary angiography, cardiac catheterization, oncology procedures, radiologic procedures, suture of lacerations and other procedures either alone or in combination with other CNS depressants; intravenously for induction of general anesthesia, before administration of other anesthetic agents. With the use of narcotic premedication, induction of anesthesia can be attained within a relatively narrow dose range and in a short period of time. Intravenous midazolam can also be used as a component of intravenous supplementation of nitrous oxide and oxygen (balanced anesthesia); continuous intravenous infusion for sedation of intubated and mechanically ventilated patients as a component of anesthesia or during treatment in a critical care setting.",
588250,milnacipran,True,HUMAN PRESCRIPTION DRUG,1 INDICATIONS AND USAGE SAVELLA is indicated for the management of fibromyalgia. SAVELLA is not approved for use in pediatric patients [see Use in Specific Populations ( 8.4 )] . SAVELLA ® is a selective serotonin and norepinephrine reuptake inhibitor (SNRI) indicated for the management of fibromyalgia ( 1 ). SAVELLA is not approved for use in pediatric patients ( 1 ).,
15996,mirtazapine,True,HUMAN PRESCRIPTION DRUG,1 INDICATIONS AND USAGE Mirtazapine tablets are indicated for the treatment of major depressive disorder (MDD) in adults [see Clinical Studies (14) ]. Mirtazapine tablets are indicated for the treatment of major depressive disorder (MDD) in adults. ( 1 ),Major Depressive Disorder
30125,modafinil,True,HUMAN PRESCRIPTION DRUG,"1 INDICATIONS AND USAGE Modafinil tablets are indicated to improve wakefulness in adult patients with excessive sleepiness associated with narcolepsy, obstructive sleep apnea (OSA), or shift work disorder (SWD). Limitations of Use In OSA, modafinil tablets are indicated to treat excessive sleepiness and not as treatment for the underlying obstruction. If continuous positive airway pressure (CPAP) is the treatment of choice for a patient, a maximal effort to treat with CPAP for an adequate period of time should be made prior to initiating and during treatment with modafinil tablets for excessive sleepiness. Modafinil tablets are indicated to improve wakefulness in adult patients with excessive sleepiness associated with narcolepsy, obstructive sleep apnea (OSA), or shift work disorder (SWD). () Limitations of Use In OSA, modafinil tablets are indicated to treat excessive sleepiness and not as treatment for the underlying obstruction.",
7019,molindone,True,HUMAN PRESCRIPTION DRUG,"INDICATIONS AND USAGE Molindone Hydrochloride Tablets, USP are indicated for the management of schizophrenia. The efficacy of Molindone Hydrochloride Tablets, USP in schizophrenia was established in clinical studies which enrolled newly hospitalized and chronically hospitalized, acutely ill, schizophrenic patients as subjects.",Schizophrenia
31479,nalmefene,True,HUMAN PRESCRIPTION DRUG,"INDICATIONS AND USAGE Nalmefene Hydrochloride Injection is indicated for the complete or partial reversal of opioid drug effects, including respiratory depression, induced by either natural or synthetic opioids. Nalmefene Hydrochloride Injection is indicated in the management of known or suspected opioid overdose.",
7242,naloxone,True,HUMAN PRESCRIPTION DRUG,"INDICATIONS AND USAGE Pentazocine and Naloxone Tablets are indicated for the management of pain severe enough to require an opioid analgesic and for which alternative treatments are inadequate. Limitations of Use Because of the risks of addiction, abuse, misuse, overdose, and death, which can occur at any dosage or duration, and persist over the course of therapy, reserve opioid analgesics, including Pentazocine and Naloxone Tablets for use in patients for whom alternative treatment options are ineffective, not tolerated, or would be otherwise inadequate to provide sufficient management of pain.",
7243,naltrexone,True,HUMAN PRESCRIPTION DRUG,INDICATIONS AND USAGE Naltrexone hydrochloride tablets USP 50 mg is indicated in the treatment of alcohol dependence and for the blockade of the effects of exogenously administered opioids. Naltrexone hydrochloride tablets USP 50 mg has not been shown to provide any therapeutic benefit except as part of an appropriate plan of management for the addictions.,
31565,nefazodone,True,HUMAN PRESCRIPTION DRUG,"INDICATIONS AND USAGE Nefazodone hydrochloride tablets are indicated for the treatment of depression. When deciding among the alternative treatments available for this condition, the prescriber should consider the risk of hepatic failure associated with nefazodone hydrochloride treatment (see WARNINGS ). In many cases, this would lead to the conclusion that other drugs should be tried first. The efficacy of nefazodone in the treatment of depression was established in 6 to 8 week controlled trials of outpatients and in a 6 week controlled trial of depressed inpatients whose diagnoses corresponded most closely to the DSM-III or DSM-IIIR category of major depressive disorder (see CLINICAL PHARMACOLOGY ). A major depressive episode implies a prominent and relatively persistent depressed or dysphoric mood that usually interferes with daily functioning (nearly every day for at least 2 weeks). It must include either depressed mood or loss of interest or pleasure and at least five of the following nine symptoms: depressed mood, loss of interest in usual activities, significant change in weight and/or appetite, insomnia or hypersomnia, psychomotor agitation or retardation, increased fatigue, feelings of guilt or worthlessness, slowed thinking or impaired concentration, a suicide attempt or suicidal ideation. The efficacy of nefazodone in reducing relapse in patients with major depression who were judged to have had a satisfactory clinical response to 16 weeks of open-label nefazodone treatment for an acute depressive episode has been demonstrated in a randomized placebo-controlled trial (see CLINICAL PHARMACOLOGY ). Although remitted patients were followed for as long as 36 weeks in the study cited (i.e., 52 weeks total), the physician who elects to use nefazodone for extended periods should periodically reevaluate the long-term usefulness of the drug for the individual patient.",Major Depressive Disorder; Insomnia
7407,nicotine,True,HUMAN OTC DRUG,"Use reduces withdrawal symptoms, including nicotine craving, associated with quitting smoking",
7440,nitrazepam,False,,,
7486,nitrous oxide,True,HUMAN PRESCRIPTION DRUG,,
3155,nordazepam,False,,,
326374,norelgestromin,True,HUMAN PRESCRIPTION DRUG,"1 INDICATIONS AND USAGE Norelgestromin and ethinyl estradiol transdermal system is indicated for the prevention of pregnancy in women with a body mass index (BMI) < 30 kg/m 2 for whom a combined hormonal contraceptive is appropriate. Limitations of Use: Norelgestromin and ethinyl estradiol transdermal system may be less effective in preventing pregnancy in women who weigh 198 lbs (90 kg) or more. Norelgestromin and ethinyl estradiol transdermal system is contraindicated for use in women with BMI ≥ 30 kg/m2 [ see Contraindications ( 4 ), Warnings and Precautions ( 5.1 ) and Clinical Studies ( 14 ) ]. Norelgestromin and ethinyl estradiol transdermal system is an estrogen/progestin combination hormonal contraceptive (CHC), indicated for the prevention of pregnancy in women with a BMI < 30 kg/m 2 for whom combined hormonal contraceptive is appropriate. ( 1 ) Limitations of Use: Norelgestromin and ethinyl estradiol transdermal system may be less effective in preventing pregnancy in women at or above 198 lbs (90 kg). ( 1 , 4 , 14 )",
31994,norgestimate,True,HUMAN PRESCRIPTION DRUG,"1 INDICATIONS AND USAGE Sprintec ® is a combination of norgestimate, a progestin, and ethinyl estradiol, an estrogen, indicated for use by females of reproductive potential to prevent pregnancy. ( 1.1 ) 1.1 Oral Contraceptive Sprintec ® (norgestimate and ethinyl estradiol tablets) is indicated for use by females of reproductive potential to prevent pregnancy [see Clinical Studies ( 14 )].",
7531,nortriptyline,True,HUMAN PRESCRIPTION DRUG,INDICATIONS AND USAGE Nortriptyline hydrochloride capsules are indicated for the relief of symptoms of depression. Endogenous depressions are more likely to be alleviated than are other depressive states.,
61381,olanzapine,True,HUMAN PRESCRIPTION DRUG,"1 INDICATIONS AND USAGE Olanzapine is an atypical antipsychotic indicated: As oral formulation for the: Treatment of schizophrenia. ( 1.1 ) Adults: Efficacy was established in three clinical trials in patients with schizophrenia: two 6-week trials and one maintenance trial. ( 14.1 ) Adolescents (ages 13-17): Efficacy was established in one 6-week trial in patients with schizophrenia ( 14.1 ). The increased potential (in adolescents compared with adults) for weight gain and dyslipidemia may lead clinicians to consider prescribing other drugs first in adolescents. ( 1.1 ) Acute treatment of manic or mixed episodes associated with bipolar I disorder and maintenance treatment of bipolar I disorder. ( 1.2 ) Adults: Efficacy was established in three clinical trials in patients with manic or mixed episodes of bipolar I disorder: two 3- to 4-week trials and one maintenance trial. ( 14.2 ) Adolescents (ages 13-17): Efficacy was established in one 3-week trial in patients with manic or mixed episodes associated with bipolar I disorder ( 14.2 ). The increased potential (in adolescents compared with adults) for weight gain and dyslipidemia may lead clinicians to consider prescribing other drugs first in adolescents. ( 1.2 ) Medication therapy for pediatric patients with schizophrenia or bipolar I disorder should be undertaken only after a thorough diagnostic evaluation and with careful consideration of the potential risks. ( 1.3 ) Adjunct to valproate or lithium in the treatment of manic or mixed episodes associated with bipolar I disorder. ( 1.2 ) Efficacy was established in two 6-week clinical trials in adults ( 14.2 ). Maintenance efficacy has not been systematically evaluated. As Olanzapine and Fluoxetine in Combination for the: Treatment of depressive episodes associated with bipolar I disorder. ( 1.5 ) Efficacy was established with Symbyax (olanzapine and fluoxetine in combination); refer to the product label for Symbyax. Treatment of treatment resistant depression. ( 1.6 ) Efficacy was established with Symbyax (olanzapine and fluoxetine in combination) in adults; refer to the product label for Symbyax. 1.1 Schizophrenia Oral olanzapine is indicated for the treatment of schizophrenia. Efficacy was established in three clinical trials in adult patients with schizophrenia: two 6-week trials and one maintenance trial. In adolescent patients with schizophrenia (ages 13-17), efficacy was established in one 6-week trial [see Clinical Studies ( 14.1 )] . When deciding among the alternative treatments available for adolescents, clinicians should consider the increased potential (in adolescents as compared with adults) for weight gain and dyslipidemia. Clinicians should consider the potential long-term risks when prescribing to adolescents, and in many cases this may lead them to consider prescribing other drugs first in adolescents [see Warnings and Precautions ( 5.5 ] . 1.2 Bipolar I Disorder (Manic or Mixed Episodes) Monotherapy — Oral olanzapine is indicated for the acute treatment of manic or mixed episodes associated with bipolar I disorder and maintenance treatment of bipolar I disorder. Efficacy was established in three clinical trials in adult patients with manic or mixed episodes of bipolar I disorder: two 3- to 4-week trials and one monotherapy maintenance trial. In adolescent patients with manic or mixed episodes associated with bipolar I disorder (ages 13-17), efficacy was established in one 3-week trial [see Clinical Studies ( 14.2 )] . When deciding among the alternative treatments available for adolescents, clinicians should consider the increased potential (in adolescents as compared with adults) for weight gain and dyslipidemia. Clinicians should consider the potential long-term risks when prescribing to adolescents, and in many cases this may lead them to consider prescribing other drugs first in adolescents [see Warnings and Precautions ( 5.5 ] . Adjunctive Therapy to Lithium or Valproate — Oral olanzapine is indicated for the treatment of manic or mixed episodes associated with bipolar I disorder as an adjunct to lithium or valproate. Efficacy was established in two 6-week clinical trials in adults. The effectiveness of adjunctive therapy for longer-term use has not been systematically evaluated in controlled trials [see Clinical Studies ( 14.2 )] . 1.3 Special Considerations in Treating Pediatric Schizophrenia and Bipolar I Disorder Pediatric schizophrenia and bipolar I disorder are serious mental disorders; however, diagnosis can be challenging. For pediatric schizophrenia, symptom profiles can be variable, and for bipolar I disorder, pediatric patients may have variable patterns of periodicity of manic or mixed symptoms. It is recommended that medication therapy for pediatric schizophrenia and bipolar I disorder be initiated only after a thorough diagnostic evaluation has been performed and careful consideration given to the risks associated with medication treatment. Medication treatment for both pediatric schizophrenia and bipolar I disorder should be part of a total treatment program that often includes psychological, educational and social interventions. 1.5 Olanzapine and Fluoxetine in Combination: Depressive Episodes Associated with Bipolar I Disorder Oral olanzapine and fluoxetine in combination is indicated for the treatment of depressive episodes associated with bipolar I disorder, based on clinical studies. When using olanzapine and fluoxetine in combination, refer to the Clinical Studies section of the package insert for Symbyax. Olanzapine monotherapy is not indicated for the treatment of depressive episodes associated with bipolar I disorder. 1.6 Olanzapine and Fluoxetine in Combination: Treatment Resistant Depression Oral olanzapine and fluoxetine in combination is indicated for the treatment of treatment resistant depression (major depressive disorder in patients who do not respond to 2 separate trials of different antidepressants of adequate dose and duration in the current episode), based on clinical studies in adult patients. When using olanzapine and fluoxetine in combination, refer to the Clinical Studies section of the package insert for Symbyax. Olanzapine monotherapy is not indicated for the treatment of treatment resistant depression.",Major Depressive Disorder; Bipolar Disorder; Schizophrenia; Treatment-Resistant Depression
26225,ondansetron,True,HUMAN PRESCRIPTION DRUG,"1 INDICATIONS AND USAGE Ondansetron tablets are indicated for the prevention of nausea and vomiting associated with: highly emetogenic cancer chemotherapy, including cisplatin greater than or equal to 50 mg/m 2 . initial and repeat courses of moderately emetogenic cancer chemotherapy. radiotherapy in patients receiving either total body irradiation, single high-dose fraction to the abdomen, or daily fractions to the abdomen Ondansetron tablets are also indicated for the prevention of postoperative nausea and/or vomiting. Ondansetron tablets are 5-HT 3 receptor antagonist indicated for the prevention of: nausea and vomiting associated with highly emetogenic cancer chemotherapy, including cisplatin greater than or equal to 50 mg/m 2 (1) nausea and vomiting associated with initial and repeat courses of moderately emetogenic cancer chemotherapy (1) nausea and vomiting associated with radiotherapy in patients receiving either total body irradiation, single high-dose fraction to the abdomen, or daily fractions to the abdomen (1) postoperative nausea and/or vomiting (1)",
1370971,ospemifene,True,HUMAN PRESCRIPTION DRUG,"1 INDICATIONS AND USAGE OSPHENA is indicated for: OSPHENA is an estrogen agonist/antagonist indicated for: The treatment of moderate to severe dyspareunia, a symptom of vulvar and vaginal atrophy, due to menopause. ( 1.1 ) The treatment of moderate to severe vaginal dryness, a symptom of vulvar and vaginal atrophy, due to menopause. ( 1.2 ) 1.1 The Treatment of Moderate to Severe Dyspareunia, a Symptom of Vulvar and Vaginal Atrophy, due to Menopause. 1.2 The Treatment of Moderate to Severe Vaginal Dryness, a Symptom of Vulvar and Vaginal Atrophy, due to Menopause.",
7781,oxazepam,True,HUMAN PRESCRIPTION DRUG,"INDICATIONS Oxazepam capsules are indicated for the management of anxiety disorders or for the short-term relief of the symptoms of anxiety. Anxiety or tension associated with the stress of everyday life usually does not require treatment with an anxiolytic. Anxiety associated with depression is also responsive to oxazepam therapy. This product has been found particularly useful in the management of anxiety, tension, agitation and irritability in older patients. Alcoholics with acute tremulousness, inebriation, or with anxiety associated with alcohol withdrawal are responsive to therapy. The effectiveness of oxazepam in long-term use, that is, more than 4 months, has not been assessed by systematic clinical studies. The physician should periodically reassess the usefulness of the drug for the individual patient.",
2387302,oxybate,True,HUMAN PRESCRIPTION DRUG,1 INDICATIONS AND USAGE LUMRYZ is indicated for the treatment of cataplexy or excessive daytime sleepiness (EDS) in patients 7 years of age and older with narcolepsy. LUMRYZ is a central nervous system depressant indicated for the treatment of cataplexy or excessive daytime sleepiness (EDS) in patients 7 years of age and older with narcolepsy ( 1 ).,
2288236,ozanimod,True,HUMAN PRESCRIPTION DRUG,"1 INDICATIONS AND USAGE ZEPOSIA is indicated for the treatment of: relapsing forms of multiple sclerosis (MS), to include clinically isolated syndrome, relapsing-remitting disease, and active secondary progressive disease, in adults. moderately to severely active ulcerative colitis (UC) in adults. ZEPOSIA is a sphingosine 1-phosphate receptor modulator indicated for the treatment of: Relapsing forms of multiple sclerosis (MS), to include clinically isolated syndrome, relapsing-remitting disease, and active secondary progressive disease, in adults. ( 1 ) Moderately to severely active ulcerative colitis (UC) in adults. ( 1 )",
679314,paliperidone,True,HUMAN PRESCRIPTION DRUG,"1 INDICATIONS AND USAGE Paliperidone extended-release tablets are an atypical antipsychotic agent indicated for Treatment of schizophrenia (1.1) Adults: Efficacy was established in three 6-week trials and one maintenance trial. (14.1) Adolescents (ages 12 to 17): Efficacy was established in one 6-week trial. (14.1) Treatment of schizoaffective disorder as monotherapy and as an adjunct to mood stabilizers and/or antidepressants. (1.2) Efficacy was established in two 6-week trials in adult patients. (14.2) 1.1 Schizophrenia Paliperidone extended-release tablets are indicated for the treatment of schizophrenia [see Clinical Studies (14.1) ]. The efficacy of paliperidone extended-release tablets in schizophrenia was established in three 6-week trials in adults and one 6-week trial in adolescents, as well as one maintenance trial in adults. 1.2 Schizoaffective Disorder Paliperidone extended-release tablets are indicated for the treatment of schizoaffective disorder as monotherapy and an adjunct to mood stabilizers and/or antidepressant therapy [see Clinical Studies (14.2) ] . The efficacy of paliperidone in schizoaffective disorder was established in two 6-week trials in adults. 1.1 Schizophrenia Paliperidone extended-release tablets are indicated for the treatment of schizophrenia [see Clinical Studies (14.1) ]. The efficacy of paliperidone extended-release tablets in schizophrenia was established in three 6-week trials in adults and one 6-week trial in adolescents, as well as one maintenance trial in adults. 1.2 Schizoaffective Disorder Paliperidone extended-release tablets are indicated for the treatment of schizoaffective disorder as monotherapy and an adjunct to mood stabilizers and/or antidepressant therapy [see Clinical Studies (14.2) ] . The efficacy of paliperidone in schizoaffective disorder was established in two 6-week trials in adults.",Schizophrenia
7895,papaverine,True,HUMAN PRESCRIPTION DRUG,"INDICATIONS AND USAGE Papaverine is recommended in various conditions accompanied by spasm of smooth muscle, such as vascular spasm associated with acute myocardial infarction (coronary occlusion), angina pectoris, peripheral and pulmonary embolism, peripheral vascular disease in which there is a vasospastic element, or certain cerebral angiospastic states; and visceral spasm, as in ureteral, biliary, or gastrointestinal colic.",
7909,paraldehyde,False,,,
32937,paroxetine,True,HUMAN PRESCRIPTION DRUG,1 INDICATIONS AND USAGE Paroxetine tablets are indicated in adults for the treatment of: Major depressive disorder (MDD) Obsessive compulsive disorder (OCD) Panic disorder (PD) Social anxiety disorder (SAD) Generalized anxiety disorder (GAD) Posttraumatic stress disorder (PTSD) Paroxetine tablets are a selective serotonin reuptake inhibitor (SSRI) indicated in adults for the treatment of ( 1 ): Major Depressive Disorder (MDD) Obsessive Compulsive Disorder (OCD) Panic Disorder (PD) Social Anxiety Disorder (SAD) Generalized Anxiety Disorder (GAD) Posttraumatic Stress Disorder (PTSD),Major Depressive Disorder; Generalized Anxiety Disorder; Social Anxiety Disorder; Panic Disorder; OCD; PTSD
7966,pemoline,False,,,
7974,penfluridol,False,,,
8013,pentoxifylline,True,HUMAN PRESCRIPTION DRUG,"INDICATIONS AND USAGE Pentoxifylline extended-release tablets are indicated for the treatment of patients with intermittent claudication on the basis of chronic occlusive arterial disease of the limbs. Pentoxifylline can improve function and symptoms but is not intended to replace more definitive therapy, such as surgical bypass, or removal of arterial obstructions when treating peripheral vascular disease.",
8042,perazine,False,,,
8047,pergolide,False,,,
8766,periciazine,False,,,
8076,perphenazine,True,HUMAN PRESCRIPTION DRUG,"INDICATIONS AND USAGE Perphenazine tablets, USP are indicated for use in the treatment of schizophrenia and for the control of severe nausea and vomiting in adults. Perphenazine tablets, USP have not been shown effective for the management of behavioral complications in patients with mental retardation.",Schizophrenia
33272,phendimetrazine,True,HUMAN PRESCRIPTION DRUG,"INDICATIONS AND USAGE Phendimetrazine tartrate is indicated in the management of exogenous obesity as a short term adjunct (a few weeks) in a regimen of weight reduction based on caloric restriction in patients with an initial body mass index (BMI) of 30 kg/m 2 or higher who have not responded to appropriate weight reducing regimen (diet and/or exercise) alone. Below is a chart of Body Mass Index (BMI) based on various heights and weights. BMI is calculated by taking the patient’s weight in kilograms (kg), divided by the patient’s height, in meters (m), squared. Metric conversions are as follow: pounds ÷ 2.2 = kg; inches x 0.0254 = meters. BODY MASS INDEX (BMI), kg/m 2 Height (feet, inches) Weight 5’0” 5’3” 5’6” 5’9” 6’0” 6’3” (pounds) 140 27 25 23 21 19 18 150 29 27 24 22 20 19 160 31 28 26 24 22 20 170 33 30 28 25 23 21 180 35 32 29 27 25 23 190 37 34 31 28 26 24 200 39 36 32 30 27 25 210 41 37 34 31 29 26 220 43 39 36 33 30 28 230 45 41 37 34 31 29 240 47 43 39 36 33 30 250 49 44 40 37 34 31 Phendimetrazine tartrate is indicated for the use as monotherapy only",
8123,phenelzine,True,HUMAN PRESCRIPTION DRUG,"INDICATIONS AND USAGE Phenelzine Sulfate Tablets, USP has been found to be effective in depressed patients clinically characterized as ""atypical,"" ""nonendogenous,"" or ""neurotic."" These patients often have mixed anxiety and depression and phobic or hypochondriacal features. There is less conclusive evidence of its usefulness with severely depressed patients with endogenous features. Phenelzine Sulfate Tablets should rarely be the first antidepressant drug used. Rather, it is more suitable for use with patients who have failed to respond to the drugs more commonly used for these conditions.",
8133,phenmetrazine,False,,,
8150,phenprocoumon,False,,,
8152,phentermine,True,HUMAN PRESCRIPTION DRUG,"1 INDICATIONS AND USAGE Phentermine hydrochloride is indicated as a short-term (a few weeks) adjunct in a regimen of weight reduction based on exercise, behavioral modification and caloric restriction in the management of exogenous obesity for patients with an initial body mass index ≥ 30 kg/m 2 , or ≥ 27 kg/m 2 in the presence of other risk factors (e.g., controlled hypertension, diabetes, hyperlipidemia). Below is a chart of body mass index (BMI) based on various heights and weights. BMI is calculated by taking the patient's weight, in kilograms (kg), divided by the patient's height, in meters (m), squared. Metric conversions are as follows: pounds ÷ 2.2 = kg; inches × 0.0254 = meters. BODY MASS INDEX (BMI), kg/m 2 The limited usefulness of agents of this class, including phentermine hydrochloride tablets, [ see Clinical Pharmacology (12.1 , 12.2) ] should be measured against possible risk factors inherent in their use such as those described below. Phentermine hydrochloride is a sympathomimetic amine anorectic indicated as a short-term adjunct (a few weeks) in a regimen of weight reduction based on exercise, behavioral modification and caloric restriction in the management of exogenous obesity for patients with an initial body mass index ≥ 30 kg/m 2 , or ≥ 27 kg/m 2 in the presence of other risk factors (e.g., controlled hypertension, diabetes, hyperlipidemia). ( 1 ) The limited usefulness of agents of this class, including phentermine hydrochloride, should be measured against possible risk factors inherent in their use. ( 1 ) Figure",
8156,phenylalanine,True,HUMAN OTC DRUG,USES TAKE 15 MINUTES BEFORE MEALS,
8331,pimozide,True,HUMAN PRESCRIPTION DRUG,INDICATIONS & USAGE Pimozide tablets are indicated for the suppression of motor and phonic tics in patients with Tourette’s Disorder who have failed to respond satisfactorily to standard treatment. Pimozide tablets are not intended as a treatment of first choice nor is it intended for the treatment of tics that are merely annoying or cosmetically troublesome. Pimozide tablets should be reserved for use in Tourette’s Disorder patients whose development and/or daily life function is severely compromised by the presence of motor and phonic tics. Evidence supporting approval of pimozide tablets for use in Tourette’s Disorder was obtained in two controlled clinical investigations which enrolled patients between the ages of 8 and 53 years. Most subjects in the two trials were 12 or older.,
33739,pipamperone,False,,,
8338,piperacetazine,False,,,
8348,pipothiazine,False,,,
2197878,pitolisant,True,HUMAN PRESCRIPTION DRUG,1 INDICATIONS AND USAGE WAKIX is indicated for the treatment of excessive daytime sleepiness (EDS) or cataplexy in patients 6 years of age and older with narcolepsy. WAKIX is a histamine-3 (H3) receptor antagonist/inverse agonist indicated for the treatment of excessive daytime sleepiness (EDS) or cataplexy patients 6 years of age and older with narcolepsy ( 1 ),
34345,pralidoxime,True,HUMAN PRESCRIPTION DRUG,"1 INDICATIONS AND USAGE DuoDote is indicated for the treatment of poisoning by organophosphorus nerve agents as well as organophosphorus insecticides in adults and pediatric patients weighing more than 41 kg (90 pounds). DuoDote, a combination of atropine, a cholinergic muscarinic antagonist, and pralidoxime chloride, a cholinesterase reactivator, is indicated for the treatment of poisoning by organophosphorus nerve agents as well as organophosphorus insecticides in adults and pediatric patients weighing more than 41 kg (90 pounds). ( 1 )",
746741,pramipexole,True,HUMAN PRESCRIPTION DRUG,1 INDICATIONS AND USAGE Pramipexole dihydrochloride extended-release tablets are indicated for the treatment of Parkinson's disease. Pramipexole dihydrochloride extended-release tablet is a non-ergot dopamine agonist indicated for the treatment of Parkinson’s disease (PD) (1),
3143,prasterone,True,HUMAN OTC DRUG,"Uses: For temporary relief of minor: fatigue* stress* muscle weakness* dizziness when standing* hives* salt cravings* *Claims based on traditional homeopathic practice, not accepted medical evidence. Not FDA evaluated.",
8627,prazepam,False,,,
8701,procaine,True,HUMAN PRESCRIPTION DRUG,"INDICATIONS AND USAGE To reduce the development of drug-resistant bacteria and maintain the effectiveness of Bicillin C-R and other antibacterial drugs, Bicillin C-R should be used only to treat or prevent infections that are proven or strongly suspected to be caused by bacteria. When culture and susceptibility information are available, they should be considered in selecting or modifying antibacterial therapy. In the absence of such data, local epidemiology and susceptibility patterns may contribute to the empiric selection of therapy. This drug is indicated in the treatment of moderately severe infections due to penicillin-G-susceptible microorganisms that are susceptible to serum levels common to this particular dosage form. Therapy should be guided by bacteriological studies (including susceptibility testing) and by clinical response. Bicillin C-R is indicated in the treatment of the following in adults and pediatric patients: Moderately severe to severe infections of the upper-respiratory tract, scarlet fever, erysipelas, and skin and soft-tissue infections due to susceptible streptococci. NOTE: Streptococci in Groups A, C, G, H, L, and M are very sensitive to penicillin G. Other groups, including Group D (enterococci), are resistant. Penicillin G sodium or potassium is recommended for streptococcal infections with bacteremia. Moderately severe pneumonia and otitis media due to susceptible Streptococcus pneumoniae . NOTE: Severe pneumonia, empyema, bacteremia, pericarditis, meningitis, peritonitis, and arthritis of pneumococcal etiology are better treated with penicillin G sodium or potassium during the acute stage. When high, sustained serum levels are required, penicillin G sodium or potassium, either IM or IV, should be used. This drug should not be used in the treatment of venereal diseases, including syphilis, gonorrhea, yaws, bejel, and pinta.",
8702,procarbazine,True,HUMAN PRESCRIPTION DRUG,"INDICATIONS AND USAGE Matulane is indicated for use in combination with other anticancer drugs for the treatment of Stage III and IV Hodgkin's disease. Matulane is used as part of the MOPP (nitrogen mustard, vincristine, procarbazine, prednisone) regimen.",
8704,prochlorperazine,True,HUMAN PRESCRIPTION DRUG,"For control of severe nausea and vomiting. For the treatment of schizophrenia. Prochlorperazine is effective for the short-term treatment of generalized non-psychotic anxiety. However, prochlorperazine is not the first drug to be used in therapy for most patients with non-psychotic anxiety, because certain risks associated with its use are not shared by common alternative treatments (e.g., benzodiazepines). When used in the treatment of non-psychotic anxiety, prochlorperazine should not be administered at doses of more than 20 mg per day or for longer than 12 weeks, because the use of prochlorperazine at higher doses or for longer intervals may cause persistent tardive dyskinesia that may prove irreversible (see WARNINGS). The effectiveness of prochlorperazine as treatment for non-psychotic anxiety was established in 4-week clinical studies of outpatients with generalized anxiety disorder. This evidence does not predict that prochlorperazine will be useful in patients with other non-psychotic conditions in which anxiety, or signs that mimic anxiety, are found (e.g., physical illness, organic mental conditions, agitated depression, character pathologies, etc.). Prochlorperazine has not been shown effective in the management of behavioral complications in patients with mental retardation.",Generalized Anxiety Disorder; Schizophrenia
8742,promazine,False,,,
8745,promethazine,True,HUMAN PRESCRIPTION DRUG,"INDICATIONS AND USAGE Promethazine HCl Suppositories are useful for: Perennial and seasonal allergic rhinitis. Vasomotor rhinitis. Allergic conjunctivitis due to inhalant allergens and foods. Mild, uncomplicated allergic skin manifestations of urticaria and angioedema. Amelioration of allergic reactions to blood or plasma. Dermographism. Anaphylactic reactions, as adjunctive therapy to epinephrine and other standard measures, after the acute manifestations have been controlled. Preoperative, postoperative, or obstetric sedation. Prevention and control of nausea and vomiting associated with certain types of anesthesia and surgery. Therapy adjunctive to meperidine or other analgesics for control of postoperative pain. Sedation in both children and adults, as well as relief of apprehension and production of light sleep from which the patient can be easily aroused. Active and prophylactic treatment of motion sickness. Antiemetic therapy in postoperative patients.",
8770,propiomazine,False,,,
8782,propofol,True,HUMAN PRESCRIPTION DRUG,"1 INDICATIONS AND USAGE Propofol injectable emulsion is an intravenous general anesthetic and sedation drug indicated for: Induction of General Anesthesia for Patients Greater than or Equal to 3 Years of Age Maintenance of General Anesthesia for Patients Greater than or Equal to 2 Months of Age Initiation and Maintenance of Monitored Anesthesia Care (MAC) Sedation in Adult Patients Sedation for Adult Patients in Combination with Regional Anesthesia Intensive Care Unit (ICU) Sedation of Intubated, Mechanically Ventilated Adult Patients Limitations of Use Propofol injectable emulsion is not recommended for induction of anesthesia below the age of 3 years or for maintenance of anesthesia below the age of 2 months because its safety and effectiveness have not been established in those populations [see Pediatric Use ( 8.4 )] . Safety, effectiveness and dosing guidelines for propofol injectable emulsion have not been established for MAC sedation in the pediatric population; therefore, it is not recommended for this use [see Pediatric Use ( 8.4 )]. Propofol injectable emulsion is not indicated for use in Pediatric ICU sedation since the safety of this regimen has not been established [see Pediatric Use ( 8.4 )]. Propofol injectable emulsion is an intravenous general anesthetic and sedation drug indicated for: Induction of General Anesthesia for Patients Greater than or Equal to 3 Years of Age Maintenance of General Anesthesia for Patients Greater than or Equal to 2 Months of Age Initiation and Maintenance of Monitored Anesthesia Care (MAC) Sedation in Adult Patients Sedation for Adult Patients in Combination with Regional Anesthesia Intensive Care Unit (ICU) Sedation of Intubated, Mechanically Ventilated Adult Patients Limitations of Use : Propofol injectable emulsion is not recommended for induction of anesthesia below the age of 3 years or for maintenance of anesthesia below the age of 2 months MAC sedation in the pediatric population is not recommended Propofol injectable emulsion is not indicated for use in Pediatric ICU sedation",
8787,propranolol,True,HUMAN PRESCRIPTION DRUG,"INDICATIONS AND USAGE Hypertension Propranolol hydrochloride tablets are indicated in the management of hypertension. It may be used alone or used in combination with other antihypertensive agents, particularly a thiazide diuretic. Propranolol hydrochloride is not indicated in the management of hypertensive emergencies. Angina Pectoris Due to Coronary Atherosclerosis Propranolol hydrochloride tablets are indicated to decrease angina frequency and increase exercise tolerance in patients with angina pectoris. Atrial Fibrillation Propranolol hydrochloride tablets are indicated to control ventricular rate in patients with atrial fibrillation and a rapid ventricular response. Myocardial Infarction Propranolol is indicated to reduce cardiovascular mortality in patients who have survived the acute phase of myocardial infarction and are clinically stable. Migraine Propranolol is indicated for the prophylaxis of common migraine headache. The efficacy of propranolol in the treatment of a migraine attack that has started has not been established, and propranolol is not indicated for such use. Essential Tremor Propranolol is indicated in the management of familial or hereditary essential tremor. Familial or essential tremor consists of involuntary, rhythmic, oscillatory movements, usually limited to the upper limbs. It is absent at rest, but occurs when the limb is held in a fixed posture or position against gravity and during active movement. Propranolol causes a reduction in the tremor amplitude, but not in the tremor frequency. Propranolol is not indicated for the treatment of tremor associated with Parkinsonism. Hypertrophic Subaortic Stenosis Propranolol improves NYHA functional class in symptomatic patients with hypertrophic subaortic stenosis. Pheochromocytoma Propranolol is indicated as an adjunct to alpha-adrenergic blockade to control blood pressure and reduce symptoms of catecholamine-secreting tumors.",
8825,protamine sulfate (USP),False,,,
8826,protamines,False,,,
8886,protriptyline,True,HUMAN PRESCRIPTION DRUG,INDICATIONS AND USAGE Protriptyline hydrochloride tablets are indicated for the treatment of symptoms of mental depression in patients who are under close medical supervision. Its activating properties make it particularly suitable for withdrawn and anergic patients.,
35185,quazepam,True,HUMAN PRESCRIPTION DRUG,"1 INDICATIONS AND USAGE Quazepam Tablets are indicated for the treatment of insomnia characterized by difficulty in falling asleep, frequent nocturnal awakenings, and/or early morning awakenings. The effectiveness of Quazepam Tablets has been established in placebo-controlled clinical studies of 5 nights duration in acute and chronic insomnia. The sustained effectiveness of Quazepam Tablets has been established in chronic insomnia in a sleep lab (polysomnographic) study of 28 nights duration. Because insomnia is often transient and intermittent, the prolonged administration of Quazepam Tablets is generally not necessary or recommended. Since insomnia may be a symptom of several other disorders, the possibility that the complaint may be related to a condition for which there is a more specific treatment should be considered. Quazepam Tablets, a gamma-aminobutyric (GABAA) agonist, is indicated for the treatment of insomnia characterized by difficulty falling asleep, frequent nocturnal awakenings, and/or early morning awakenings. ( 1 )",Insomnia
51272,quetiapine,True,HUMAN PRESCRIPTION DRUG,"1 INDICATIONS & USAGE Quetiapine is an atypical antipsychotic indicated for the treatment of: Schizophrenia ( 1.1 ) Bipolar I disorder manic episodes ( 1.2 ) Bipolar disorder, depressive episodes ( 1.2 ) 1.1 Schizophrenia Quetiapine is indicated for the treatment of schizophrenia. The efficacy of quetiapine in schizophrenia was established in three 6-week trials in adults and one 6-week trial in adolescents (13 to 17 years). The effectiveness of quetiapine for the maintenance treatment of schizophrenia has not been systematically evaluated in controlled clinical trials [ see Clinical Studies (14.1) ]. 1.2 Bipolar Disorder Quetiapine is indicated for the acute treatment of manic episodes associated with bipolar I disorder, both as monotherapy and as an adjunct to lithium or divalproex. Efficacy was established in two 12-week monotherapy trials in adults, in one 3-week adjunctive trial in adults, and in one 3-week monotherapy trial in pediatric patients (10 to 17 years) [ see Clinical Studies (14.2) ]. Quetiapine is indicated as monotherapy for the acute treatment of depressive episodes associated with bipolar disorder. Efficacy was established in two 8-week monotherapy trials in adult patients with bipolar I and bipolar II disorder [ see Clinical Studies (14.2) ]. Quetiapine is indicated for the maintenance treatment of bipolar I disorder, as an adjunct to lithium or divalproex. Efficacy was established in two maintenance trials in adults. The effectiveness of quetiapine as monotherapy for the maintenance treatment of bipolar disorder has not been systematically evaluated in controlled clinical trials [ see Clinical Studies (14.2) ]. 1.3 Special Considerations in Treating Pediatric Schizophrenia and Bipolar I Disorder Pediatric schizophrenia and bipolar I disorder are serious mental disorders, however, diagnosis can be challenging. For pediatric schizophrenia, symptom profiles can be variable, and for bipolar I disorder, patients may have variable patterns of periodicity of manic or mixed symptoms. It is recommended that medication therapy for pediatric schizophrenia and bipolar I disorder be initiated only after a thorough diagnostic evaluation has been performed and careful consideration given to the risks associated with medication treatment. Medication treatment for both pediatric schizophrenia and bipolar I disorder is indicated as part of a total treatment program that often includes psychological, educational and social interventions.",Bipolar Disorder; Schizophrenia
9100,racemethionine,False,,,
596205,ramelteon,True,HUMAN PRESCRIPTION DRUG,"1 INDICATIONS AND USAGE Ramelteon Tablets are indicated for the treatment of insomnia characterized by difficulty with sleep onset. The clinical trials performed in support of efficacy were up to six months in duration. The final formal assessments of sleep latency were performed after two days of treatment during the crossover study (elderly only), at five weeks in the six week studies (adults and elderly), and at the end of the six month study (adults and elderly) [see Clinical Studies (14) ] . Ramelteon Tablets are indicated for the treatment of insomnia characterized by difficulty with sleep onset. (1)",Insomnia
60842,reboxetine,False,,,
9260,reserpine,False,,,
35636,risperidone,True,HUMAN PRESCRIPTION DRUG,"1 INDICATIONS AND USAGE Risperidone tablets are an atypical antipsychotic indicated for: Treatment of schizophrenia ( 1.1 ) As monotherapy or adjunctive therapy with lithium or valproate, for the treatment of acute manic or mixed episodes associated with Bipolar I Disorder ( 1.2 ) Treatment of irritability associated with autistic disorder ( 1.3 ) 1.1 Schizophrenia Risperidone tablets are indicated for the treatment of schizophrenia. Efficacy was established in 4 short-term trials in adults, 2 short-term trials in adolescents (ages 13 to 17 years), and one long-term maintenance trial in adults [see Clinical Studies (14.1) ] . 1.2 Bipolar Mania Monotherapy Risperidone tablets are indicated for the treatment of acute manic or mixed episodes associated with Bipolar I Disorder. Efficacy was established in 2 short-term trials in adults and one short-term trial in children and adolescents (ages 10 to 17 years) [see Clinical Studies (14.2) ] . Adjunctive Therapy Risperidone tablets adjunctive therapy with lithium or valproate is indicated for the treatment of acute manic or mixed episodes associated with Bipolar I Disorder. Efficacy was established in one short-term trial in adults [see Clinical Studies (14.3) ] . 1.3 Irritability Associated with Autistic Disorder Risperidone tablets are indicated for the treatment of irritability associated with autistic disorder, including symptoms of aggression towards others, deliberate self-injuriousness, temper tantrums, and quickly changing moods. Efficacy was established in 3 short-term trials in children and adolescents (ages 5 to 17 years) [see Clinical Studies (14.4) ] .",Bipolar Disorder; Schizophrenia; Tourette's Disorder
183379,rivastigmine,True,HUMAN PRESCRIPTION DRUG,1 INDICATIONS AND USAGE Rivastigmine tartrate capsules are an acetylcholinesterase inhibitor indicated for treatment of: Mild-to-moderate dementia of the Alzheimer’s type (AD) (1.1) Mild-to-moderate dementia associated with Parkinson’s disease (PD) (1.2) 1.1 Alzheimer’s Disease Rivastigmine tartrate capsules are indicated for the treatment of mild-to-moderate dementia of the Alzheimer's type (AD). 1.2 Parkinson’s Disease Dementia Rivastigmine tartrate capsules are indicated for the treatment of mild-to-moderate dementia associated with Parkinson’s disease (PD).,
616739,rotigotine,True,HUMAN PRESCRIPTION DRUG,1 INDICATIONS AND USAGE NEUPRO is a dopamine agonist indicated for the treatment of: Parkinson's disease ( 1.1 ) Moderate-to-severe primary Restless Legs Syndrome ( 1.2 ) 1.1 Parkinson's Disease (PD) NEUPRO is indicated for the treatment of Parkinson's disease. 1.2 Restless Legs Syndrome (RLS) NEUPRO is indicated for the treatment of moderate-to-severe primary Restless Legs Syndrome.,
2559612,samidorphan,True,HUMAN PRESCRIPTION DRUG,"1 INDICATIONS AND USAGE LYBALVI is indicated for the treatment of: Schizophrenia in adults Bipolar I disorder in adults Acute treatment of manic or mixed episodes as monotherapy and as adjunct to lithium or valproate Maintenance monotherapy treatment LYBALVI is a combination of olanzapine, an atypical antipsychotic, and samidorphan, an opioid antagonist, indicated for the treatment of: Schizophrenia in adults ( 1 ) Bipolar I disorder in adults ( 1 ) Acute treatment of manic or mixed episodes as monotherapy and as adjunct to lithium or valproate Maintenance monotherapy treatment",Bipolar Disorder; Schizophrenia
9624,secobarbital,False,,,
9639,selegiline,True,HUMAN PRESCRIPTION DRUG,"INDICATIONS AND USAGE Selegiline Hydrochloride Tablets USP are indicated as an adjunct in the management of Parkinsonian patients being treated with levodopa/carbidopa who exhibit deterioration in the quality of their response to this therapy. There is no evidence from controlled studies that selegiline has any beneficial effect in the absence of concurrent levodopa therapy. Evidence supporting this claim was obtained in randomized controlled clinical investigations that compared the effects of added selegiline or placebo in patients receiving levodopa/carbidopa. Selegiline was significantly superior to placebo on all three principal outcome measures employed: change from baseline in daily levodopa/carbidopa dose, the amount of 'off' time, and patient self-rating of treatment success. Beneficial effects were also observed on other measures of treatment success (e.g., measures of reduced end of dose akinesia, decreased tremor and sialorrhea, improved speech and dressing ability and improved overall disability as assessed by walking and comparison to previous state).",
2562176,serdexmethylphenidate,True,HUMAN PRESCRIPTION DRUG,"1 INDICATIONS AND USAGE AZSTARYS is indicated for the treatment of Attention Deficit Hyperactivity Disorder (ADHD) in patients 6 years of age and older. Limitations of Use The use of AZSTARYS is not recommended in pediatric patients younger than 6 years of age because they had higher plasma exposure and a higher incidence of adverse reactions (e.g., weight loss) than patients 6 years and older at the same dosage [see Warnings and Precautions ( 5.7 ), Use in Specific Populations ( 8.4 )]. AZSTARYS is a central nervous system (CNS) stimulant indicated for the treatment of Attention Deficit Hyperactivity Disorder (ADHD) in patients 6 years of age and older. ( 1 ) Limitations of Use The use of AZSTARYS is not recommended in pediatric patients younger than 6 years of age because they had higher plasma exposure and a higher incidence of adverse reactions (e.g., weight loss) than patients 6 years and older at the same dosage (5.7, 8.4).",ADHD
41996,sertindole,False,,,
36437,sertraline,True,HUMAN PRESCRIPTION DRUG,"INDICATIONS AND USAGE Major Depressive Disorder – Sertraline hydrochloride is indicated for the treatment of major depressive disorder in adults. The efficacy of Sertraline hydrochloride in the treatment of a major depressive episode was established in six to eight week controlled trials of adult outpatients whose diagnoses corresponded most closely to the DSM-III category of major depressive disorder (see Clinical Trials under CLINICAL PHARMACOLOGY ). A major depressive episode implies a prominent and relatively persistent depressed or dysphoric mood that usually interferes with daily functioning (nearly every day for at least 2 weeks); it should include at least 4 of the following 8 symptoms: change in appetite, change in sleep, psychomotor agitation or retardation, loss of interest in usual activities or decrease in sexual drive, increased fatigue, feelings of guilt or worthlessness, slowed thinking or impaired concentration, and a suicide attempt or suicidal ideation. The antidepressant action of sertraline hydrochloride in hospitalized depressed patients has not been adequately studied. The efficacy of sertraline hydrochloride in maintaining an antidepressant response for up to 44 weeks following 8 weeks of open-label acute treatment (52 weeks total) was demonstrated in a placebo-controlled trial. The usefulness of the drug in patients receiving sertraline hydrochloride for extended periods should be reevaluated periodically (see Clinical Trials under CLINICAL PHARMACOLOGY ). Obsessive-Compulsive Disorder – Sertraline hydrochloride is indicated for the treatment of obsessions and compulsions in patients with obsessive-compulsive disorder (OCD), as defined in the DSM-III-R; i.e., the obsessions or compulsions cause marked distress, are time-consuming, or significantly interfere with social or occupational functioning. The efficacy of Sertraline hydrochloride was established in 12-week trials with obsessive-compulsive outpatients having diagnoses of obsessive-compulsive disorder as defined according to DSM-III or DSM-III-R criteria (see Clinical Trials under CLINICAL PHARMACOLOGY ). Obsessive-compulsive disorder is characterized by recurrent and persistent ideas, thoughts, impulses, or images (obsessions) that are ego-dystonic and/or repetitive, purposeful, and intentional behaviors (compulsions) that are recognized by the person as excessive or unreasonable. The efficacy of Sertraline hydrochloride in maintaining a response, in patients with OCD who responded during a 52-week treatment phase while taking Sertraline hydrochloride and were then observed for relapse during a period of up to 28 weeks, was demonstrated in a placebo-controlled trial (see Clinical Trials under CLINICAL PHARMACOLOGY ). Nevertheless, the physician who elects to use Sertraline hydrochloride for extended periods should periodically re-evaluate the long-term usefulness of the drug for the individual patient (see DOSAGE AND ADMINISTRATION ). Panic Disorder – Sertraline hydrochloride is indicated for the treatment of panic disorder in adults, with or without agoraphobia, as defined in DSM-IV. Panic disorder is characterized by the occurrence of unexpected panic attacks and associated concern about having additional attacks, worry about the implications or consequences of the attacks, and/or a significant change in behavior related to the attacks. The efficacy of Sertraline hydrochloride was established in three 10-12 week trials in adult panic disorder patients whose diagnoses corresponded to the DSM-III-R category of panic disorder (see Clinical Trials under CLINICAL PHARMACOLOGY ). Panic disorder (DSM-IV) is characterized by recurrent unexpected panic attacks, i.e., a discrete period of intense fear or discomfort in which four (or more) of the following symptoms develop abruptly and reach a peak within 10 minutes: (1) palpitations, pounding heart, or accelerated heart rate; (2) sweating; (3) trembling or shaking; (4) sensations of shortness of breath or smothering; (5) feeling of choking; (6) chest pain or discomfort; (7) nausea or abdominal distress; (8) feeling dizzy, unsteady, lightheaded, or faint; (9) derealization (feelings of unreality) or depersonalization (being detached from oneself); (10) fear of losing control; (11) fear of dying; (12) paresthesias (numbness or tingling sensations); (13) chills or hot flushes. The efficacy of Sertraline hydrochloride in maintaining a response, in adult patients with panic disorder who responded during a 52-week treatment phase while taking Sertraline hydrochloride and were then observed for relapse during a period of up to 28 weeks, was demonstrated in a placebo-controlled trial (see Clinical Trials under CLINICAL PHARMACOLOGY ). Nevertheless, the physician who elects to use Sertraline hydrochloride for extended periods should periodically re-evaluate the long-term usefulness of the drug for the individual patient (see DOSAGE AND ADMINISTRATION ). Posttraumatic Stress Disorder (PTSD) – Sertraline hydrochloride (sertraline hydrochloride) is indicated for the treatment of posttraumatic stress disorder in adults. The efficacy of Sertraline hydrochloride in the treatment of PTSD was established in two 12-week placebo-controlled trials of adult outpatients whose diagnosis met criteria for the DSM-III-R category of PTSD (see Clinical Trials under CLINICAL PHARMACOLOGY ). PTSD, as defined by DSM-III-R/IV, requires exposure to a traumatic event that involved actual or threatened death or serious injury, or threat to the physical integrity of self or others, and a response which involves intense fear, helplessness, or horror. Symptoms that occur as a result of exposure to the traumatic event include reexperiencing of the event in the form of intrusive thoughts, flashbacks or dreams, and intense psychological distress and physiological reactivity on exposure to cues to the event; avoidance of situations reminiscent of the traumatic event, inability to recall details of the event, and/or numbing of general responsiveness manifested as diminished interest in significant activities, estrangement from others, restricted range of affect, or sense of foreshortened future; and symptoms of autonomic arousal including hypervigilance, exaggerated startle response, sleep disturbance, impaired concentration, and irritability or outbursts of anger. A PTSD diagnosis requires that the symptoms are present for at least a month and that they cause clinically significant distress or impairment in social, occupational, or other important areas of functioning. The efficacy of Sertraline hydrochloride in maintaining a response in adult patients with PTSD for up to 28 weeks following 24 weeks of open-label treatment was demonstrated in a placebo-controlled trial. Nevertheless, the physician who elects to use Sertraline hydrochloride for extended periods should periodically re-evaluate the long-term usefulness of the drug for the individual patient (see DOSAGE AND ADMINISTRATION ). Premenstrual Dysphoric Disorder (PMDD) – Sertraline hydrochloride is indicated for the treatment of premenstrual dysphoric disorder (PMDD) in adults. The efficacy of sertraline hydrochloride in the treatment of PMDD was established in 2 placebo-controlled trials of female adult outpatients treated for 3 menstrual cycles who met criteria for the DSM-IIIR/IV category of PMDD (see Clinical Trials under CLINICAL PHARMACOLOGY ). The essential features of PMDD include markedly depressed mood, anxiety or tension, affective lability, and persistent anger or irritability. Other features include decreased interest in activities, difficulty concentrating, lack of energy, change in appetite or sleep, and feeling out of control. Physical symptoms associated with PMDD include breast tenderness, headache, joint and muscle pain, bloating and weight gain. These symptoms occur regularly during the luteal phase and remit within a few days following onset of menses; the disturbance markedly interferes with work or school or with usual social activities and relationships with others. In making the diagnosis, care should be taken to rule out other cyclical mood disorders that may be exacerbated by treatment with an antidepressant. The effectiveness of Sertraline hydrochloride in long-term use, that is, for more than 3 menstrual cycles, has not been systematically evaluated in controlled trials. Therefore, the physician who elects to use Sertraline hydrochloride for extended periods should periodically re-evaluate the long-term usefulness of the drug for the individual patient (see DOSAGE AND ADMINISTRATION ). Social Anxiety Disorder – Sertraline hydrochloride is indicated for the treatment of social anxiety disorder, also known as social phobia in adults. The efficacy of Sertraline hydrochloride in the treatment of social anxiety disorder was established in two placebo-controlled trials of adult outpatients with a diagnosis of social anxiety disorder as defined by DSM-IV criteria (see Clinical Trials under CLINICAL PHARMACOLOGY ). Social anxiety disorder, as defined by DSM-IV, is characterized by marked and persistent fear of social or performance situations involving exposure to unfamiliar people or possible scrutiny by others and by fears of acting in a humiliating or embarrassing way. Exposure to the feared social situation almost always provokes anxiety and feared social or performance situations are avoided or else are endured with intense anxiety or distress. In addition, patients recognize that the fear is excessive or unreasonable and the avoidance and anticipatory anxiety of the feared situation is associated with functional impairment or marked distress. The efficacy of Sertraline hydrochloride in maintaining a response in adult patients with social anxiety disorder for up to 24 weeks following 20 weeks of Sertraline hydrochloride treatment was demonstrated in a placebo-controlled trial. Physicians who prescribe Sertraline hydrochloride for extended periods should periodically reevaluate the long-term usefulness of the drug for the individual patient (see Clinical Trials under CLINICAL PHARMACOLOGY ).",Major Depressive Disorder; Social Anxiety Disorder; Panic Disorder; OCD; PTSD; Premenstrual Dysphoric Disorder
36514,sibutramine,False,,,
136411,sildenafil,True,HUMAN PRESCRIPTION DRUG,1 INDICATIONS AND USAGE Sildenafil tablets are indicated for the treatment of erectile dysfunction. Sildenafil is a phosphodiesterase-5 (PDE5) inhibitor indicated for the treatment of erectile dysfunction (ED),
36676,sodium bicarbonate,True,HUMAN PRESCRIPTION DRUG,INDICATIONS AND USAGE Elliotts B Solution is indicated as a diluent for the intrathecal administration of methotrexate sodium and cytarabine for the prevention or treatment of meningeal leukemia or lymphocytic lymphoma.,
56570,somatrem,False,,,
2644503,somatrogon,True,HUMAN PRESCRIPTION DRUG,1 INDICATIONS AND USAGE NGENLA is indicated for the treatment of pediatric patients aged 3 years and older who have growth failure due to an inadequate secretion of endogenous growth hormone. NGENLA is a human growth hormone analog indicated for treatment of pediatric patients aged 3 years and older who have growth failure due to inadequate secretion of endogenous growth hormone ( 1 ).,
61148,somatropin,True,HUMAN PRESCRIPTION DRUG,"1 INDICATIONS AND USAGE NORDITROPIN is a recombinant human growth hormone indicated for: • Pediatric : Treatment of pediatric patients with growth failure due to inadequate secretion of endogenous growth hormone (GH), short stature associated with Noonan syndrome, short stature associated with Turner syndrome, short stature born small for gestational age (SGA) with no catch-up growth by age 2 to 4 years, Idiopathic Short Stature (ISS), and growth failure due to Prader-Willi Syndrome ( 1.1 ) • Adult : Replacement of endogenous GH in adults with growth hormone deficiency ( 1.2 ) 1.1 Pediatric Patients NORDITROPIN is indicated for the treatment of pediatric patients with: • growth failure due to inadequate secretion of endogenous growth hormone (GH), • short stature associated with Noonan syndrome, • short stature associated with Turner syndrome, • short stature born small for gestational age (SGA) with no catch-up growth by age 2 years to 4 years of age, • Idiopathic Short Stature (ISS), height standard deviation score (SDS) <-2.25, and associated with growth rates unlikely to permit attainment of adult height in the normal range, • growth failure due to Prader-Willi syndrome (PWS). 1.2 Adult Patients NORDITROPIN is indicated for the replacement of endogenous GH in adults with growth hormone deficiency (GHD)",
1547099,suvorexant,True,HUMAN PRESCRIPTION DRUG,"1 INDICATIONS AND USAGE BELSOMRA ® (suvorexant) is indicated for the treatment of insomnia characterized by difficulties with sleep onset and/or sleep maintenance. BELSOMRA is an orexin receptor antagonist indicated for the treatment of insomnia, characterized by difficulties with sleep onset and/or sleep maintenance ( 1 ).",Insomnia
10318,tacrine,False,,,
358263,tadalafil,True,HUMAN PRESCRIPTION DRUG,"1 INDICATIONS AND USAGE Tadalafil is a phosphodiesterase 5 (PDE5) inhibitor indicated for the treatment of: erectile dysfunction (ED) ( 1.1 ) the signs and symptoms of benign prostatic hyperplasia (BPH) ( 1.2 ) ED and the signs and symptoms of BPH (ED/BPH) ( 1.3 ) If tadalafil is used with finasteride to initiate BPH treatment, such use is recommended for up to 26 weeks ( 1.4 ). 1.1 Erectile Dysfunction Tadalafil tablets are indicated for the treatment of erectile dysfunction (ED). 1.2 Benign Prostatic Hyperplasia Tadalafil tablets are indicated for the treatment of the signs and symptoms of benign prostatic hyperplasia (BPH). 1.3 Erectile Dysfunction and Benign Prostatic Hyperplasia Tadalafil tablets are indicated for the treatment of ED and the signs and symptoms of BPH (ED/BPH). 1.4 Limitation of Use If tadalafil tablets are used with finasteride to initiate BPH treatment, such use is recommended for up to 26 weeks because the incremental benefit of tadalafil tablets decreases from 4 weeks until 26 weeks, and the incremental benefit of tadalafil tablets beyond 26 weeks is unknown [see Clinical Studies ( 14.3 )] .",
1490468,tasimelteon,True,HUMAN PRESCRIPTION DRUG,1 INDICATIONS AND USAGE Tasimelteon capsules are a melatonin receptor agonist. Tasimelteon capsules are indicated for the treatment of Non ­24-Hour Sleep-Wake Disorder (Non-24) in adults ( 1 ) 1.1 Non-24-Hour Sleep-Wake Disorder (Non-24) Tasimelteon capsules are indicated for the treatment of Non-24 in adults.,
10355,temazepam,True,HUMAN PRESCRIPTION DRUG,"INDICATIONS AND USAGE Temazepam capsules are indicated for the short-term treatment of insomnia (generally 7 to 10 days). For patients with short-term insomnia, instructions in the prescription should indicate that temazepam capsules should be used for short periods of time (7 to 10 days). The clinical trials performed in support of efficacy were 2 weeks in duration with the final formal assessment of sleep latency performed at the end of treatment.",Insomnia
10390,tetrabenazine,True,HUMAN PRESCRIPTION DRUG,1 INDICATIONS AND USAGE Tetrabenazine tablets are indicated for the treatment of chorea associated with Huntington's disease. Tetrabenazine tablets are a vesicular monoamine transporter 2 (VMAT) inhibitor indicated for the treatment of chorea associated with Huntington's disease ( 1 ),
37985,tetrazepam,False,,,
10437,theobromine,False,,,
10454,thiamine,True,HUMAN PRESCRIPTION DRUG,"INDICATIONS Thiamine hydrochloride injection is effective for the treatment of thiamine deficiency or beriberi whether of the dry (major symptoms related to the nervous system) or wet (major symptoms related to the cardiovascular system) variety. Thiamine hydrochloride injection should be used where rapid restoration of thiamine is necessary, as in Wernicke's encephalopathy, infantile beriberi with acute collapse, cardiovascular disease due to thiamine deficiency, or neuritis of pregnancy if vomiting is severe. It is also indicated when giving IV dextrose to individuals with marginal thiamine status to avoid precipitation of heart failure. Thiamine hydrochloride injection is also indicated in patients with established thiamine deficiency who cannot take thiamine orally due to coexisting severe anorexia, nausea, vomiting, or malabsorption. Thiamine hydrochloride injection is not usually indicated for conditions of decreased oral intake or decreased gastrointestinal absorption, because multiple vitamins should usually be given.",
10464,thiamylal,False,,,
38077,thiobutabarbital,False,,,
10502,thioridazine,True,HUMAN PRESCRIPTION DRUG,"INDICATIONS AND USAGE Thioridazine hydrochloride tablets are indicated for the management of schizophrenic patients who fail to respond adequately to treatment with other antipsychotic drugs. Due to the risk of significant, potentially life threatening, proarrhythmic effects with thioridazine treatment, thioridazine hydrochloride tablets should be used only in patients who have failed to respond adequately to treatment with appropriate courses of other antipsychotic drugs, either because of insufficient effectiveness or the inability to achieve an effective dose due to intolerable adverse effects from those drugs. Consequently, before initiating treatment with thioridazine hydrochloride tablets, it is strongly recommended that a patient be given at least two trials, each with a different antipsychotic drug product, at an adequate dose, and for an adequate duration (see WARNINGS and CONTRAINDICATIONS ). However, the prescriber should be aware that thioridazine hydrochloride tablets have not been systematically evaluated in controlled trials in treatment refractory schizophrenic patients and its efficacy in such patients is unknown.",
10510,thiothixene,True,HUMAN PRESCRIPTION DRUG,INDICATIONS & USAGE Thiothixene capsules are effective in the management of schizophrenia. Thiothixene capsules have not been evaluated in the management of behavioral complications in patients with mental retardation.,Schizophrenia
31914,tiagabine,True,HUMAN PRESCRIPTION DRUG,INDICATIONS AND USAGE Tiagabine hydrochloride tablet is indicated as adjunctive therapy in adults and children 12 years and older in the treatment of partial seizures.,
38260,tibolone,False,,,
2740012,tividenofusp alfa,True,HUMAN PRESCRIPTION DRUG,"1 INDICATIONS AND USAGE AVLAYAH is indicated for the treatment of neurologic manifestations of Hunter syndrome (Mucopolysaccharidosis type II, MPS II) when initiated in presymptomatic or symptomatic pediatric patients weighing at least 5 kg prior to advanced neurologic impairment. This indication is approved under accelerated approval based on the reduction of cerebrospinal fluid heparan sulfate [see Clinical Studies (14) ] . Continued approval for this indication may be contingent upon verification and description of clinical benefit in a confirmatory trial(s). Limitations of Use AVLAYAH is not recommended for use in combination with other enzyme replacement therapies for the treatment of Hunter syndrome. AVLAYAH is a hydrolytic lysosomal glycosaminoglycan (GAG)-specific enzyme indicated for the treatment of neurologic manifestations of Hunter syndrome (Mucopolysaccharidosis type II, MPS II) when initiated in presymptomatic or symptomatic pediatric patients weighing at least 5 kg prior to advanced neurologic impairment. ( 1 ) This indication is approved under accelerated approval based on reduction of cerebrospinal fluid heparan sulfate observed in patients treated with AVLAYAH. Continued approval for this indication may be contingent upon verification of clinical benefit in a confirmatory trial(s). ( 1 ) Limitations of Use AVLAYAH is not recommended for use in combination with other enzyme replacement therapies. ( 1 )",
314875,"tocopheryl acid succinate,D-alpha",False,,,
38365,tofisopam,False,,,
38404,topiramate,True,HUMAN PRESCRIPTION DRUG,"1 INDICATIONS AND USAGE Topiramate is indicated for: Epilepsy: initial monotherapy for the treatment of partial-onset or primary generalized tonic-clonic seizures in patients 2 years of age and older (1.1); adjunctive therapy for the treatment of partial-onset seizures, primary generalized tonic-clonic seizures, or seizures associated with Lennox- Gastaut syndrome in patients 2 years of age and older (1.2) Preventive treatment of migraine in patients 12 years of age and older (1.3) 1.1 Monotherapy Epilepsy Topiramate tablets are indicated as initial monotherapy for the treatment of partial-onset or primary generalized tonic-clonic seizures in patients 2 years of age and older. 1.2 Adjunctive Therapy Epilepsy Topiramate tablets are indicated as adjunctive therapy for the treatment of partial-onset seizures, primary generalized tonic-clonic seizures, and seizures associated with Lennox-Gastaut syndrome in patients 2 years of age and older. 1.3 Migraine Topiramate tablets are indicated for the preventive treatment of migraine in patients 12 years of age and older.",
10689,tramadol,True,HUMAN PRESCRIPTION DRUG,"1 INDICATIONS AND USAGE Tramadol hydrochloride extended-release tablets are indicated for the management of severe and persistent pain that requires an opioid analgesic and that cannot be adequately treated with alternative options, including immediate-release opioids. Limitations of Use • Because of the risks of addiction, abuse, misuse, overdose, and death, which can occur at any dosages or duration, and persist over the course of therapy, [see Warnings and Precautions (5.1)], reserve opioid analgesics, including tramadol hydrochloride extended-release tablets, for use in patients for whom alternative treatment options are ineffective, not tolerated or would be otherwise inadequate to provide sufficient management of pain. • Tramadol hydrochloride extended-release tablets are not indicated as an as-needed (prn) analgesic. Tramadol hydrochloride extended-release tablets are an opioid agonist indicated for the management of severe and persistent pain that requires an opioid analgesic and that cannot be adequately treated with alternative options, including immediate-release opioids. (1) Limitations of Use Because of the risks of addiction, abuse, misuse, overdose, and death, which can occur at any dosages or duration and persist over the course of therapy, reserve opioids analgesics, including tramadol hydrochloride extended-release tablets, for use in patients for whom alternative treatment options are ineffective, not tolerated, or would be otherwise inadequate to provide sufficient management of pain. (1) Tramadol hydrochloride extended-release tablets are not indicated as an as-needed (prn) analgesic. (1)",
10734,tranylcypromine,True,HUMAN PRESCRIPTION DRUG,"1 INDICATIONS AND USAGE Tranylcypromine tablets are indicated for the treatment of major depressive disorder (MDD) in adult patients who have not responded adequately to other antidepressants. Tranylcypromine tablets are not indicated for the initial treatment of MDD due to the potential for serious adverse reactions and drug interactions, and the need for dietary restrictions [see Contraindications (4) , Warnings and Precautions (5) , and Drug Interactions (7) ] . • Tranylcypromine tablets are a monoamine oxidase inhibitor (MAOI) indicated for the treatment of major depressive disorder (MDD) in adult patients who have not responded adequately to other antidepressants ( 1 ) • Tranylcypromine tablets are not indicated for the initial treatment of MDD due to the potential for serious adverse reactions and drug interactions, and the need for dietary restrictions ( 1 , 4 , 5 , 7 )",Major Depressive Disorder
10737,trazodone,True,HUMAN PRESCRIPTION DRUG,1 INDICATIONS AND USAGE Trazodone is a selective serotonin reuptake inhibitor indicated for the treatment of major depressive disorder (MDD) ( 1 ). Trazodone hydrochloride tablets are indicated for the treatment of major depressive disorder (MDD) in adults.,Major Depressive Disorder
10767,triazolam,True,HUMAN PRESCRIPTION DRUG,1 INDICATIONS AND USAGE Triazolam tablets are indicated for the short-term treatment of insomnia (generally 7 to 10 days) in adults. Triazolam tablets are a benzodiazepine indicated for the short-term treatment of insomnia (generally 7 to 10 days) in adults.,Insomnia
1314420,tricaprylin,False,,,
10800,trifluoperazine,True,HUMAN PRESCRIPTION DRUG,"INDICATIONS AND USAGE For the management of schizophrenia. Trifluoperazine HCl is effective for the short-term treatment of generalized non-psychotic anxiety. However, trifluoperazine HCl is not the first drug to be used in therapy for most patients with non-psychotic anxiety because certain risks associated with its use are not shared by common alternative treatments (i.e., benzodiazepines). When used in the treatment of non-psychotic anxiety, trifluoperazine HCl should not be administered at doses of more than 6 mg per day or for longer than 12 weeks because the use of trifluoperazine HCl at higher doses or for longer intervals may cause persistent tardive dyskinesia that may prove irreversible (see WARNINGS ). The effectiveness of trifluoperazine HCl as a treatment for non-psychotic anxiety was established in a four-week clinical multicenter study of outpatients with generalized anxiety disorder (DSM-III). This evidence does not predict that trifluoperazine HCl will be useful in patients with other non-psychotic conditions in which anxiety, or signs that mimic anxiety, are found (i.e., physical illness, organic mental conditions, agitated depression, character pathologies, etc.). Trifluoperazine HCl has not been shown effective in the management of behavioral complications in patients with mental retardation.",Generalized Anxiety Disorder; Schizophrenia
10804,trifluperidol,False,,,
10805,triflupromazine,False,,,
10825,trimeprazine,False,,,
10834,trimipramine,True,HUMAN PRESCRIPTION DRUG,"INDICATIONS AND USAGE Trimipramine Maleate Capsules are indicated for the relief of symptoms of depression. Endogenous depression is more likely to be alleviated than other depressive states. In studies with neurotic outpatients, the drug appeared to be equivalent to amitriptyline in the less-depressed patients but somewhat less effective than amitriptyline in the more severely depressed patients. In hospitalized depressed patients, trimipramine and imipramine were equally effective in relieving depression.",
2632852,trofinetide,True,HUMAN PRESCRIPTION DRUG,1 INDICATIONS AND USAGE DAYBUE and DAYBUE STIX are indicated for the treatment of Rett syndrome in adults and pediatric patients 2 years of age and older. DAYBUE and DAYBUE STIX are indicated for the treatment of Rett syndrome in adults and pediatric patients 2 years of age and older. ( 1 ),
10898,tryptophan,True,HUMAN OTC DRUG,"INDICATIONS: For temporary relief of anxiety, bloating, constipation, mood swings, lethargy, inability to sleep and fatigue",
21406,ubidecarenone,True,HUMAN OTC DRUG,Take 15 minutes before meals,
11017,uridine,True,HUMAN PRESCRIPTION DRUG,"1 INDICATIONS AND USAGE VISTOGARD ® is indicated for the emergency treatment of adult and pediatric patients: following a fluorouracil or capecitabine overdose regardless of the presence of symptoms, or who exhibit early-onset, severe or life-threatening toxicity affecting the cardiac or central nervous system, and/or early-onset, unusually severe adverse reactions (e.g., gastrointestinal toxicity and/or neutropenia) within 96 hours following the end of fluorouracil or capecitabine administration. VISTOGARD ® is a pyrimidine analog indicated for the emergency treatment of adult and pediatric patients: following a fluorouracil or capecitabine overdose regardless of the presence of symptoms, or who exhibit early-onset, severe or life-threatening toxicity affecting the cardiac or central nervous system, and/or early-onset, unusually severe adverse reactions (e.g., gastrointestinal toxicity and/or neutropenia) within 96 hours following the end of fluorouracil or capecitabine administration. ( 1 ) Limitations of use: VISTOGARD is not recommended for the non-emergent treatment of adverse reactions associated with fluorouracil or capecitabine because it may diminish the efficacy of these drugs. ( 1 ) The safety and efficacy of VISTOGARD initiated more than 96 hours following the end of fluorouracil or capecitabine administration have not been established. ( 1 ) Limitations of Use VISTOGARD is not recommended for the non-emergent treatment of adverse reactions associated with fluorouracil or capecitabine because it may diminish the efficacy of these drugs. The safety and efficacy of VISTOGARD initiated more than 96 hours following the end of fluorouracil or capecitabine administration have not been established.",
1665222,uridine triacetate,True,HUMAN PRESCRIPTION DRUG,"1 INDICATIONS AND USAGE VISTOGARD ® is indicated for the emergency treatment of adult and pediatric patients: following a fluorouracil or capecitabine overdose regardless of the presence of symptoms, or who exhibit early-onset, severe or life-threatening toxicity affecting the cardiac or central nervous system, and/or early-onset, unusually severe adverse reactions (e.g., gastrointestinal toxicity and/or neutropenia) within 96 hours following the end of fluorouracil or capecitabine administration. VISTOGARD ® is a pyrimidine analog indicated for the emergency treatment of adult and pediatric patients: following a fluorouracil or capecitabine overdose regardless of the presence of symptoms, or who exhibit early-onset, severe or life-threatening toxicity affecting the cardiac or central nervous system, and/or early-onset, unusually severe adverse reactions (e.g., gastrointestinal toxicity and/or neutropenia) within 96 hours following the end of fluorouracil or capecitabine administration. ( 1 ) Limitations of use: VISTOGARD is not recommended for the non-emergent treatment of adverse reactions associated with fluorouracil or capecitabine because it may diminish the efficacy of these drugs. ( 1 ) The safety and efficacy of VISTOGARD initiated more than 96 hours following the end of fluorouracil or capecitabine administration have not been established. ( 1 ) Limitations of Use VISTOGARD is not recommended for the non-emergent treatment of adverse reactions associated with fluorouracil or capecitabine because it may diminish the efficacy of these drugs. The safety and efficacy of VISTOGARD initiated more than 96 hours following the end of fluorouracil or capecitabine administration have not been established.",
253206,valerian root extract,False,,,
306674,vardenafil,True,HUMAN PRESCRIPTION DRUG,1 INDICATIONS AND USAGE Vardenafil hydrochloride tablets are indicated for the treatment of erectile dysfunction. Vardenafil hydrochloride tablets are a phosphodiesterase 5 (PDE5) inhibitor indicated for the treatment of erectile dysfunction. ( 1 ),
39786,venlafaxine,True,HUMAN PRESCRIPTION DRUG,"INDICATIONS AND USAGE Venlafaxine tablets, USP are indicated for the treatment of major depressive disorder. The efficacy of venlafaxine tablets, USP in the treatment of major depressive disorder was established in 6 week controlled trials of adult outpatients whose diagnoses corresponded most closely to the DSM-III or DSM-III-R category of major depression and in a 4 week controlled trial of inpatients meeting diagnostic criteria for major depression with melancholia (see CLINICAL TRIALS ). A major depressive episode implies a prominent and relatively persistent depressed or dysphoric mood that usually interferes with daily functioning (nearly every day for at least 2 weeks); it should include at least 4 of the following 8 symptoms: change in appetite, change in sleep, psychomotor agitation or retardation, loss of interest in usual activities or decrease in sexual drive, increased fatigue, feelings of guilt or worthlessness, slowed thinking or impaired concentration, and a suicide attempt or suicidal ideation. The efficacy of venlafaxine hydrochloride extended-release capsules in maintaining an antidepressant response for up to 26 weeks following 8 weeks of acute treatment was demonstrated in a placebo-controlled trial. The efficacy of venlafaxine tablets in maintaining an antidepressant response in patients with recurrent depression who had responded and continued to be improved during an initial 26 weeks of treatment and were then followed for a period of up to 52 weeks was demonstrated in a second placebo-controlled trial (see CLINICAL TRIALS ). Nevertheless, the physician who elects to use venlafaxine tablets/venlafaxine hydrochloride extended-release capsules for extended periods should periodically re-evaluate the long-term usefulness of the drug for the individual patient.",Major Depressive Disorder
1424884,vilanterol,True,HUMAN PRESCRIPTION DRUG,"1 INDICATIONS AND USAGE ANORO ELLIPTA is indicated for the maintenance treatment of patients with chronic obstructive pulmonary disease (COPD). Limitations of Use ANORO ELLIPTA is NOT indicated for the relief of acute bronchospasm or for the treatment of asthma. The safety and effectiveness of ANORO ELLIPTA in asthma have not been established. ANORO ELLIPTA is a combination of umeclidinium, an anticholinergic, and vilanterol, a long-acting beta 2 -adrenergic agonist (LABA), indicated for the maintenance treatment of patients with chronic obstructive pulmonary disease (COPD). ( 1 ) Limitations of Use: Not indicated for relief of acute bronchospasm or for the treatment of asthma. ( 1 , 5.2 )",
1086769,vilazodone,True,HUMAN PRESCRIPTION DRUG,1 INDICATIONS AND USAGE Vilazodone hydrochloride tablets are indicated for the treatment of major depressive disorder (MDD) in adults [see Clinical Studies (14)]. Vilazodone hydrochloride tablets are indicated for the treatment of major depressive disorder (MDD) in adults (1).,Major Depressive Disorder
11248,vitamin B12,True,HUMAN PRESCRIPTION DRUG,,
11256,vitamin E,True,HUMAN OTC DRUG,Uses reduces underarm wetness,
1455099,vortioxetine,True,HUMAN PRESCRIPTION DRUG,"1 INDICATIONS AND USAGE TRINTELLIX is indicated for the treatment of major depressive disorder (MDD) in adults. TRINTELLIX is indicated for the treatment of major depressive disorder (MDD) in adults ( 1 , 14 ).",Major Depressive Disorder
11289,warfarin,True,HUMAN PRESCRIPTION DRUG,"1 INDICATIONS AND USAGE Warfarin sodium tablets are indicated for: Prophylaxis and treatment of venous thrombosis and its extension, pulmonary embolism (PE). Prophylaxis and treatment of thromboembolic complications associated with atrial fibrillation (AF) and/or cardiac valve replacement. Reduction in the risk of death, recurrent myocardial infarction (MI), and thromboembolic events such as stroke or systemic embolization after myocardial infarction. Limitations of Use Warfarin sodium tablets have no direct effect on an established thrombus, nor does it reverse ischemic tissue damage. Once a thrombus has occurred, however, the goals of anticoagulant treatment are to prevent further extension of the formed clot and to prevent secondary thromboembolic complications that may result in serious and possibly fatal sequelae. Warfarin sodium tablets are a vitamin K antagonist indicated for: Prophylaxis and treatment of venous thrombosis and its extension, pulmonary embolism ( 1 ) Prophylaxis and treatment of thromboembolic complications associated with atrial fibrillation and/or cardiac valve replacement ( 1 ) Reduction in the risk of death, recurrent myocardial infarction, and thromboembolic events such as stroke or systemic embolization after myocardial infarction ( 1 ) Limitations of Use Warfarin sodium tablets have no direct effect on an established thrombus, nor does it reverse ischemic tissue damage. ( 1 )",
2694828,xanomeline,True,HUMAN PRESCRIPTION DRUG,"1 INDICATIONS AND USAGE COBENFY is indicated for the treatment of schizophrenia in adults. COBENFY is a combination of xanomeline, a muscarinic agonist, and trospium chloride, a muscarinic antagonist, indicated for the treatment of schizophrenia in adults. ( 1 )",Schizophrenia
220982,yohimbine,False,,,
74667,zaleplon,True,HUMAN PRESCRIPTION DRUG,INDICATIONS AND USAGE Zaleplon capsules are indicated for the short-term treatment of insomnia. Zaleplon capsules have been shown to decrease the time to sleep onset for up to 30 days in controlled clinical studies (see Clinical Trials under CLINICAL PHARMACOLOGY ). It has not been shown to increase total sleep time or decrease the number of awakenings. The clinical trials performed in support of efficacy ranged from a single night to 5 weeks in duration. The final formal assessments of sleep latency were performed at the end of treatment.,Insomnia
68503,ziconotide,True,HUMAN PRESCRIPTION DRUG,"1 INDICATIONS AND USAGE PRIALT (ziconotide) solution, intrathecal infusion is indicated for the management of severe chronic pain in adult patients for whom intrathecal therapy is warranted, and who are intolerant of or refractory to other treatment, such as systemic analgesics, adjunctive therapies, or intrathecal morphine. PRIALT (ziconotide) solution, intrathecal infusion is an N-type calcium channel antagonist indicated for the management of severe chronic pain in patients for whom intrathecal therapy is warranted, and who are intolerant of or refractory to other treatment, such as systemic analgesics, adjunctive therapies, or intrathecal morphine. ( 1 )",
115698,ziprasidone,True,HUMAN PRESCRIPTION DRUG,"1 INDICATIONS AND USAGE Ziprasidone capsules are indicated for the treatment of schizophrenia, as monotherapy for the acute treatment of bipolar manic or mixed episodes, and as an adjunct to lithium or valproate for the maintenance treatment of bipolar disorder. When deciding among the alternative treatments available for the condition needing treatment, the prescriber should consider the finding of ziprasidone’s greater capacity to prolong the QT/QTc interval compared to several other antipsychotic drugs [see Warnings and Precautions ( 5.3 ) ]. Prolongation of the QTc interval is associated in some other drugs with the ability to cause torsade de pointes-type arrhythmia, a potentially fatal polymorphic ventricular tachycardia, and sudden death. In many cases this would lead to the conclusion that other drugs should be tried first. Whether ziprasidone will cause torsade de pointes or increase the rate of sudden death is not yet known [see Warnings and Precautions ( 5.3 ) ] Schizophrenia Ziprasidone capsules are indicated for the treatment of schizophrenia in adults [see Clinical Studies ( 14.1 ) ]. Bipolar I Disorder (Acute Mixed or Manic Episodes and Maintenance Treatment as an Adjunct to Lithium or Valproate) Ziprasidone capsules are indicated as monotherapy for the acute treatment of adults with manic or mixed episodes associated with bipolar I disorder [see Clinical Studies ( 14.2 )]. Ziprasidone capsules are indicated as an adjunct to lithium or valproate for the maintenance treatment of bipolar I disorder in adults [see Clinical Studies ( 14.2 ) ]. Ziprasidone capsule is an atypical antipsychotic. In choosing among treatments, prescribers should be aware of the capacity of ziprasidone capsule to prolong the QT interval and may consider the use of other drugs first. (1) Ziprasidone capsules are indicated for the: • treatment of schizophrenia in adults. ( 1 ) • acute treatment of adults as monotherapy of manic or mixed episodes associated with bipolar I disorder. ( 1 ) • maintenance treatment of bipolar I disorder as an adjunct to lithium or valproate in adults. ( 1 )",Bipolar Disorder; Schizophrenia
39993,zolpidem,True,HUMAN PRESCRIPTION DRUG,"1 INDICATIONS AND USAGE Zolpidem Tartrate Tablets is indicated for the short-term treatment of insomnia characterized by difficulties with sleep initiation. Zolpidem Tartrate Tablets has been shown to decrease sleep latency for up to 35 days in controlled clinical studies [see Clinical Studies ( 14 )]. The clinical trials performed in support of efficacy were 4–5 weeks in duration with the final formal assessments of sleep latency performed at the end of treatment. Zolpidem Tartrate Tablets, a gamma-aminobutyric acid (GABA) A receptor positive modulator, is indicated for the short-term treatment of insomnia characterized by difficulties with sleep initiation. ( 1 )",Insomnia
2669905,zuranolone,True,HUMAN PRESCRIPTION DRUG,1 INDICATIONS AND USAGE ZURZUVAE is indicated for the treatment of postpartum depression (PPD) in adults. ZURZUVAE is a neuroactive steroid gamma-aminobutyric acid (GABA) A receptor positive modulator indicated for the treatment of postpartum depression (PPD) in adults. ( 1 ),
